org,aliases,yearCount,years,returning,in2024,tier2024,group2024,in2025,tier2025,group2025,in2026,tier2026,category,website,otherWebsites
Airtel Payments Bank,,3,2024;2025;2026,true,true,Gold Partner,partners,true,Exhibitor,Exhibitors,true,Gold Partner,payments,https://www.airtel.in/bank/,https://www.airtelpayments.bank.in/
Alankit,alankit,3,2024;2025;2026,true,true,Exhibitor,exhibitors,true,Exhibitor,Exhibitors,true,Exhibitor,other,https://www.alankit.com/,
AllCloud Enterprise Solutions,allCloud,3,2024;2025;2026,true,true,Exhibitor,exhibitors,true,Exhibitor,Exhibitors,true,Exhibitor,infra,https://www.allcloud.in/,
Amazon Pay,amazon pay,3,2024;2025;2026,true,true,Associate Partner,partners,true,Brought To You By,Partners,true,Brought To You By,payments,https://www.amazon.in/amazonpay/home,https://www.amazon.in/amazonpay/home?ref_=mweb_navm_apay
Automation Edge,AutomationEdge,3,2024;2025;2026,true,true,Exhibitor,exhibitors,true,Exhibitor,Exhibitors,true,Exhibitor,other,https://automationedge.com/,
Bank of Baroda,,3,2024;2025;2026,true,true,Exhibitor,exhibitors,true,Brought To You By,Partners,true,Brought To You By,banking,https://www.bankofbaroda.in/,
BCG,,3,2024;2025;2026,true,true,Thought Leadership Partner,supporters,true,Supporter,Supporters,true,Supporter,other,https://www.bcg.com/,
Benepik,,3,2024;2025;2026,true,true,Exhibitor,exhibitors,true,Exhibitor,Exhibitors,true,Exhibitor,other,http://www.benepik.com/,https://benepik.com/
BharatPe,,3,2024;2025;2026,true,true,Silver Partner,partners,true,Merchant & Consumer Partner,Partners,true,Diamond Partner,other,https://bharatpe.com/,
Blostem,,3,2024;2025;2026,true,true,Exhibitor,exhibitors,true,Exhibitor,Exhibitors,true,Exhibitor,other,https://blostem.com/,https://www.blostem.com/
Bureau ID,,3,2024;2025;2026,true,true,Silver Partner,partners,true,Silver Partners,Partners,true,Platinum Partner,other,https://bureau.id/,https://www.bureau.id/
Canara Bank,,3,2024;2025;2026,true,true,Exhibitor,exhibitors,true,Exhibitor,Exhibitors,true,Exhibitor,banking,https://canarabank.com/,https://www.canarabank.bank.in/;https://www.canarabank.com/
Cashfree Payments,Cashfree,3,2024;2025;2026,true,true,Exhibitor,exhibitors,true,Gold Partners,Partners,true,Gold Partner,other,https://www.cashfree.com/,
CDSL,,3,2024;2025;2026,true,true,Exhibitor,exhibitors,true,Exhibitor,Exhibitors,true,Exhibitor,other,https://www.cdslindia.com/,
Citi,Citi Bank;citi,3,2024;2025;2026,true,true,Banking Innovation Partner; Exhibitor,exhibitors; partners,true,Banking Innovation Partner,Partners,true,Banking Innovation Partner,banking,https://www.citigroup.com/global,https://www.citigroup.com/global/about-us/global-presence/india;https://www.online.citibank.co.in/
Concerto,concerto,3,2024;2025;2026,true,true,Exhibitor,exhibitors,true,Exhibitor,Exhibitors,true,Exhibitor,other,http://www.concertosoft.com/,https://www.concertosoft.com/
Craftsilicon,Craft Silicon,3,2024;2025;2026,true,true,Exhibitor,exhibitors,true,Exhibitor,Exhibitors,true,Exhibitor,other,http://www.craftsilicon.com/,https://www.craftsilicon.com/;https://www.craftsilicon.com/asia/
CRED,Cred Bharat,3,2024;2025;2026,true,true,Beer Booth Partner; Exhibitor,exhibitors; partners,true,Beer Booth Partner,Partners,true,Beer Booth Partner,other,https://cred.club/,
Credit Saison,CREDIT SAISON INDIA,3,2024;2025;2026,true,true,Diamond Partner,partners,true,Exhibitor,Exhibitors,true,Exhibitor,lending,https://creditsaison.in/,
CRIF,,3,2024;2025;2026,true,true,Exhibitor,exhibitors,true,Exhibitor,Exhibitors,true,Gold Partner,other,https://www.crifhighmark.com/,
Data Sutram,Datasutram,3,2024;2025;2026,true,true,Exhibitor,exhibitors,true,Gold Partners,Partners,true,Gold Partner,ai,https://datasutram.ai/,https://datasutram.com/
Digitap.AI,Digitap,3,2024;2025;2026,true,true,Exhibitor,exhibitors,true,Exhibitor,Exhibitors,true,Silver Partner,ai,https://www.digitap.ai/,https://www.digitap.ai/index.html
DreamFolks,,3,2024;2025;2026,true,true,Exhibitor,exhibitors,true,Exhibitor,Exhibitors,true,Gold Partner,other,http://www.dreamfolks.com,https://www.dreamfolks.com/;https://www.dreamfolks.in/
Equence Technologies,equence,3,2024;2025;2026,true,true,Exhibitor,exhibitors,true,Exhibitor,Exhibitors,true,Exhibitor,infra,https://www.equence.com/,
Equifax,equifax,3,2024;2025;2026,true,true,Exhibitor,exhibitors,true,Silver Partners,Partners,true,Exhibitor,other,https://www.equifax.co.in/,https://www.equifax.co.in/personal
Experian,,3,2024;2025;2026,true,true,Credit Innovation Partner,partners,true,Credit Innovation Partner,Partners,true,Credit Innovation Partner,other,https://www.experian.in/,
EY,,3,2024;2025;2026,true,true,Knowledge Partner,supporters,true,Supporter,Supporters,true,Supporter,other,https://www.ey.com/en_in,
Finacus,Finacus Solutions,3,2024;2025;2026,true,true,Exhibitor,exhibitors,true,Exhibitor,Exhibitors,true,Exhibitor,infra,https://www.finacus.co.in/,
Finarkein,,3,2024;2025;2026,true,true,Silver Partner,partners,true,Account Aggregator and AI Partner,Partners,true,System Of Intelligence Partner,other,https://finarkein.com/,
Google Pay,,3,2024;2025;2026,true,true,Co-Powered By,partners,true,Co-Powered By,Partners,true,Co-Powered By,payments,https://pay.google.com/about/,https://pay.google.com/intl/en_in/about/;https://pay.google.com/intl/en_us/about/
HDFC,HDFC Bank,3,2024;2025;2026,true,true,Brought To You By,partners,true,Brought To You By,Partners,true,Brought To You By,banking,https://www.hdfc.bank.in/,https://www.hdfcbank.com/;https://www.hdfcbank.com/personal
helo.ai,,3,2024;2025;2026,true,true,Exhibitor,exhibitors,true,Exhibitor,Exhibitors,true,Silver Partner,ai,http://helo.ai/,https://helo.ai/
Hitachi Payments,hitachi,3,2024;2025;2026,true,true,Exhibitor,exhibitors,true,Bronze Partners,Partners,true,Bronze Partner,other,https://www.hitachi-payments.com/,
HSBC,,3,2024;2025;2026,true,true,Agenda Partner,partners,true,Innovation Leadership Partner,Partners,true,Innovation Leadership Partner,banking,https://www.hsbc.bank.in/,https://www.hsbc.co.in/
IndiaBonds,India Bonds,3,2024;2025;2026,true,true,Exhibitor,exhibitors,true,Bronze Partners,Partners,true,Bronze Partner,other,https://www.indiabonds.com/,
Indian Bank,,3,2024;2025;2026,true,true,Exhibitor,exhibitors,true,Exhibitor,Exhibitors,true,Gold Partner,banking,https://indianbank.bank.in/en/,
InstantPay,Instantpay;instantpay,3,2024;2025;2026,true,true,Exhibitor,exhibitors,true,Exhibitor,Exhibitors,true,Exhibitor,payments,https://app.instantpay.in/,https://www.instantpay.in/
InsureMO,insureMO,3,2024;2025;2026,true,true,Exhibitor,exhibitors,true,Exhibitor,Exhibitors,true,Exhibitor,insurtech,https://insuremo.com/,
IserveU,,3,2024;2025;2026,true,true,Exhibitor,exhibitors,true,Silver Partners,Partners,true,Silver Partner,other,http://www.iserveu.in,https://iserveu.in/
J.P. Morgan,J.P. Morgan Payments;J.P.Morgan,3,2024;2025;2026,true,true,Silver Partner,partners,true,Gold Partners,Partners,true,Gold Partner,other,https://www.jpmorgan.com/IN/en/about-us,https://www.jpmorgan.com/global
Jocata,,3,2024;2025;2026,true,true,Exhibitor,exhibitors,true,Exhibitor,Exhibitors,true,Silver Partner,other,https://www.jocata.com/,
Juspay,Juspay Technologies Pvt Ltd,3,2024;2025;2026,true,true,Exhibitor,exhibitors,true,Exhibitor,Exhibitors,true,Gold Partner,infra,https://juspay.in/,https://juspay.io/in
Karix,,3,2024;2025;2026,true,true,Digital Communications Partner,partners,true,Exhibitor,Exhibitors,true,Digital Engagement Partner,other,http://www.karix.com,https://www.karix.com/
Kiya.ai,,3,2024;2025;2026,true,true,Exhibitor,exhibitors,true,Exhibitor,Exhibitors,true,Exhibitor,ai,https://www.kiya.ai/,
Knight Fintech,,3,2024;2025;2026,true,true,Exhibitor,exhibitors,true,Exhibitor,Exhibitors,true,Exhibitor,infra,https://knightfintech.com/,https://www.knightfintech.com/;www.knightfintech.com
KPMG,,3,2024;2025;2026,true,true,Knowledge Partner,supporters,true,Supporter,Supporters,true,Supporter,other,https://kpmg.com/in/en.html,
Leadsquared,leadsquared,3,2024;2025;2026,true,true,Exhibitor,exhibitors,true,Exhibitor,Exhibitors,true,Exhibitor,other,https://www.leadsquared.com/,
Leegality,,3,2024;2025;2026,true,true,Exhibitor,exhibitors,true,Exhibitor,Exhibitors,true,Exhibitor,other,https://www.leegality.com/,
LXME,Lxme,3,2024;2025;2026,true,true,Exhibitor,exhibitors,true,Exhibitor,Exhibitors,true,Exhibitor,other,https://lxme.in/,
Lyra,,3,2024;2025;2026,true,true,Payment Enabler,partners,true,Payment Enabler,Partners,true,Payment Enabler,other,https://www.lyra.com/in/,
Mastercard,,3,2024;2025;2026,true,true,Brought To You By,partners,true,Gold Partners,Partners,true,Silver Partner,other,https://www.mastercard.co.in/en-in.html,https://www.mastercard.com/in/en.html
Mfilterit,mFilterIt,3,2024;2025;2026,true,true,Exhibitor,exhibitors,true,Exhibitor,Exhibitors,true,Exhibitor,other,https://www.mfilterit.com/,
Mindgate,Mindgate Solutions Pvt Ltd;mindgate,3,2024;2025;2026,true,true,Exhibitor,exhibitors,true,Exhibitor,Exhibitors,true,Silver Partner,infra,https://www.mindgate.solutions/,
MongoDB,MongoDb,3,2024;2025;2026,true,true,Gold Partner,partners,true,Exhibitor,Exhibitors,true,Exhibitor,other,https://www.mongodb.com/,
Montran Corporation India,Montran,3,2024;2025;2026,true,true,Gold Partner,partners,true,Gold Partners,Partners,true,Gold Partner,other,https://www.montran.com/,https://www.montran.in/
NABARD,Nabard,3,2024;2025;2026,true,true,Diamond Partner,partners,true,Diamond Partners,Partners,true,Diamond Partner,other,https://www.nabard.org/,https://www.nabard.org/EngDefault.aspx
NeoSoft Technology,NeoSoft,3,2024;2025;2026,true,true,Exhibitor,exhibitors,true,Exhibitor,Exhibitors,true,Exhibitor,infra,https://www.neosofttech.com/,
Nerve Solutions,nerve,3,2024;2025;2026,true,true,Exhibitor,exhibitors,true,Exhibitor,Exhibitors,true,Exhibitor,infra,http://www.nerve.solutions/,https://www.nerve.solutions/
Netwin,Netwin India;netwin,3,2024;2025;2026,true,true,Exhibitor,exhibitors,true,Exhibitor,Exhibitors,true,Exhibitor,other,https://netwin.in/,
Nexensus,nexensus,3,2024;2025;2026,true,true,Exhibitor,exhibitors,true,Exhibitor,Exhibitors,true,Exhibitor,other,http://www.nexensus.com/,https://nexensus.com/site/;https://www.nexensus.com/
NPCI,,3,2024;2025;2026,true,true,Exhibitor,exhibitors,true,Exhibitor,Exhibitors,true,Exhibitor,other,https://www.npci.org.in/,
NPST,,3,2024;2025;2026,true,true,Exhibitor,exhibitors,true,Exhibitor,Exhibitors,true,Exhibitor,other,https://www.npstx.com/,
NTT Data (ADAPTIS),NTT DATA Payment Services;NTT Data,3,2024;2025;2026,true,true,Exhibitor,exhibitors,true,Exhibitor; Silver Partners,Exhibitors; Partners,true,Bronze Partner,ai,http://in.nttdatapay.com/,https://in.nttdatapay.com/en;https://www.nttdatapay.com/
Nucleus Software,Nucleus,3,2024;2025;2026,true,true,Gold Partner,partners,true,Exhibitor; Gold Partners,Exhibitors; Partners,true,Gold Partner,infra,https://www.nucleussoftware.com,https://www.nucleussoftware.com/
Onsurity,,3,2024;2025;2026,true,true,Exhibitor,exhibitors,true,Exhibitor,Exhibitors,true,Bronze Partner,other,https://www.onsurity.com/,https://www.onsurity.com/?utm_campaign=GFF&amp;utm_source=gff%20referral&amp;utm_medium=referral&amp;utm_term=GFF%20Onsurity&amp;utm_content=GFF%20Event
Parasoft,,3,2024;2025;2026,true,true,Exhibitor,exhibitors,true,Exhibitor,Exhibitors,true,Exhibitor,other,https://www.parasoft.com/,
Pay10,,3,2024;2025;2026,true,true,Gourmet Partner,partners,true,Gourmet Partner,Partners,true,Gourmet Partner,other,https://www.pay10.com/,https://www.pay10.in/
PayGlocal,Payglocal;payglocal,3,2024;2025;2026,true,true,Silver Partner,partners,true,Silver Partners,Partners,true,Silver Partner,other,https://payglocal.in/,
Paysprint,,3,2024;2025;2026,true,true,Exhibitor,exhibitors,true,Escrow Partner,Partners,true,Bronze Partner,other,https://www.paysprint.in/,https://www.paysprint.in/index.html
Paytm,paytm,3,2024;2025;2026,true,true,Fintech Breakthrough Partner,partners,true,Associate Partners,Partners,true,Associate Partner,other,https://paytm.com/,
PayU,,3,2024;2025;2026,true,true,Diamond Partner,partners,true,Diamond Partners,Partners,true,Payments Orchestration Partner,other,https://payu.in/,
Perfios,,3,2024;2025;2026,true,true,Technology Partner,partners,true,Technology Partner,Partners,true,Technology Partner,ai,https://www.perfios.com/,https://www.perfios.com/index.php
Perto,,3,2024;2025;2026,true,true,Exhibitor,exhibitors,true,Exhibitor,Exhibitors,true,Exhibitor,other,http://www.perto.in/,https://www.perto.com.br/;https://www.perto.in/home-2/
PhonePe,,3,2024;2025;2026,true,true,Co-Powered By,partners,true,Co-Powered By,Partners,true,Co-Powered By,other,https://www.phonepe.com/,
Pine Labs,Pinelabs;pine labs,3,2024;2025;2026,true,true,Exhibitor,exhibitors,true,Agenda Partner,Partners,true,Agenda Partner,other,https://www.pinelabs.com/,
Plutos One,Plutos one;plutos ONE,3,2024;2025;2026,true,true,Exhibitor,exhibitors,true,Exhibitor,Exhibitors,true,Exhibitor,other,https://www.plutos.one/,https://www.plutos.one/team
Posidex Technologies,Posidex,3,2024;2025;2026,true,true,Exhibitor,exhibitors,true,Exhibitor,Exhibitors,true,Exhibitor,infra,https://www.posidex.com/,
Presolv360,,3,2024;2025;2026,true,true,Exhibitor,exhibitors,true,Exhibitor,Exhibitors,true,Exhibitor,other,https://presolv360.com/,
Protectt.ai Labs,Protectt.ai;Protectt.ai Labs Pvt. Ltd.,3,2024;2025;2026,true,true,Exhibitor,exhibitors,true,Mobile App Security Partner,Partners,true,Mobile App Security Partner,ai,https://protectt.ai/,https://www.protectt.ai/
PWC,,3,2024;2025;2026,true,true,Knowledge Partner,supporters,true,Supporter,Supporters,true,Supporter,other,https://www.pwc.in/,
Qualitrix,,3,2024;2025;2026,true,true,Exhibitor,exhibitors,true,Exhibitor,Exhibitors,true,Exhibitor,other,https://qualitrix.com/,
Razorpay,,3,2024;2025;2026,true,true,Associate Partner,partners,true,Associate Partners,Partners,true,AI Powered Payments Partner,payments,https://razorpay.com/,
Route Mobile,Route Mobile Technologies,3,2024;2025;2026,true,true,Cloud Communications Partner,partners,true,Cloud Communications Partner,Partners,true,Cloud Communications Partner,infra,https://routemobile.com/,
Salesforce,salesforce,3,2024;2025;2026,true,true,Exhibitor,exhibitors,true,Exhibitor,Exhibitors,true,Exhibitor,other,https://www.salesforce.com/in/,https://www.salesforce.com/in/?ir=1
Scienaptic,scienaptic,3,2024;2025;2026,true,true,Exhibitor,exhibitors,true,Exhibitor,Exhibitors,true,Exhibitor,other,http://www.scienaptic.ai/,https://www.scienaptic.ai/global
Signzy,Signzy Technologies Pvt Ltd,3,2024;2025;2026,true,true,Exhibitor; KYC Partner,exhibitors; partners,true,Diamond Partners,Partners,true,Silver Partner,infra,https://signzy.com/,https://www.signzy.com/
Surepass Technologies,surepass,3,2024;2025;2026,true,true,Exhibitor,exhibitors,true,Exhibitor,Exhibitors,true,Exhibitor,infra,https://surepass.io/,
TransBnk,TransBnk Solution Pvt Ltd,3,2024;2025;2026,true,true,Exhibitor,exhibitors,true,Exhibitor,Exhibitors,true,Bronze Partner,other,https://transbnk.co.in/,
Treelife,,3,2024;2025;2026,true,true,Exhibitor,exhibitors,true,Exhibitor,Exhibitors,true,Exhibitor,other,https://treelife.in/,
True Balance,,3,2024;2025;2026,true,true,Silver Partner,partners,true,Silver Partners,Partners,true,Silver Partner,other,https://www.truebalance.io/,
UK FCDO,,3,2024;2025;2026,true,true,Country Partner,partners,true,Country Partners,Partners,true,Exhibitor,other,https://www.gov.uk/government/organisations/department-for-international-trade,https://www.gov.uk/world/organisations/british-high-commission-new-delhi
Unlimit,unlimit,3,2024;2025;2026,true,true,Exhibitor,exhibitors,true,Gold Partners,Partners,true,Gold Partner,other,https://www.in.unlimit.com/,https://www.unlimit.com/
Utimaco,,3,2024;2025;2026,true,true,Exhibitor,exhibitors,true,Exhibitor,Exhibitors,true,Exhibitor,other,https://utimaco.com/,
Vakrangee,,3,2024;2025;2026,true,true,Bronze Partner,partners,true,Silver Partners,Partners,true,Bronze Partner,other,https://vakrangee.in/,https://vakrangee.in/index.html;https://www.vakrangee.in/
Vampay,,3,2024;2025;2026,true,true,Bronze Partner,partners,true,Bronze Partners,Partners,true,Bronze Partner,payments,https://vampay.in/,
Vayana,Vayana Network;vayana,3,2024;2025;2026,true,true,Exhibitor,exhibitors,true,Silver Partners,Partners,true,Exhibitor,infra,https://vayana.com,https://vayana.com/;https://www.vayana.com/
Vernost,vernost,3,2024;2025;2026,true,true,Exhibitor,exhibitors,true,Exhibitor,Exhibitors,true,Loyalty & Marketplaces Partner,other,https://www.vernost.com/,
Visa,visa,3,2024;2025;2026,true,true,Innovation Partner,partners,true,Associate Partners,Partners,true,Associate Partner,other,https://www.visa.co.in/,
Vunet Systems,vunet,3,2024;2025;2026,true,true,Exhibitor,exhibitors,true,Exhibitor,Exhibitors,true,Exhibitor,infra,https://vunetsystems.com/,
Watchdata,,3,2024;2025;2026,true,true,Exhibitor,exhibitors,true,Exhibitor,Exhibitors,true,Exhibitor,ai,https://www.watchdata.com/,
Winjit Technologies,Winjit,3,2024;2025;2026,true,true,Exhibitor,exhibitors,true,Exhibitor,Exhibitors,true,Exhibitor,infra,https://winjit.com/,
Yubi,,3,2024;2025;2026,true,true,Exhibitor,exhibitors,true,Gold Partners,Partners,true,Gold Partner,other,https://go-yubi.com/,https://www.go-yubi.com/
Zaggle,,3,2024;2025;2026,true,true,Spend Management Partner,partners,true,Spend Management Partner,Partners,true,Spend Management Partner,other,https://www.zaggle.in/,
Zigram,Zigram Tech;zigram,3,2024;2025;2026,true,true,Silver Partner,partners,true,Silver Partners,Partners,true,Exhibitor,infra,https://www.zigram.tech/,https://www.zigram.tech/in/
Zoho,ZOHO;Zoho Corp,3,2024;2025;2026,true,true,Silver Partner,partners,true,Platinum Partners,Partners,true,Platinum Partner,other,https://www.zoho.com/,https://www.zoho.com/in/payments/
1 Silverbullet,,2,2024;2025,true,true,Exhibitor,exhibitors,true,Exhibitor,Exhibitors,false,,other,http://www.1silverbullet.tech,https://1silverbullet.tech/
86400,,2,2025;2026,true,false,,,true,Payment Processing Partner,Partners,true,Payment Processing Partner,other,https://mobilewaretech.com/,https://www.86400.in/
AdvantageClub.ai,Advantage Club,2,2024;2025,true,true,Exhibitor,exhibitors,true,Exhibitor,Exhibitors,false,,ai,https://www.advantageclub.ai/,https://www.advantageclub.co/in
Affluense.ai,Affluense,2,2025;2026,true,false,,,true,Exhibitor,Exhibitors,true,Exhibitor,ai,https://www.affluense.ai/,
AiSensy,,2,2024;2025,true,true,Exhibitor,exhibitors,true,Exhibitor,Exhibitors,false,,other,https://aisensy.com/,https://m.aisensy.com/
Alohaa.ai,alohaa,2,2025;2026,true,false,,,true,Exhibitor,Exhibitors,true,Exhibitor,ai,https://www.alohaa.ai/,
Alt Drx,,2,2025;2026,true,false,,,true,Exhibitor,Exhibitors,true,Exhibitor,other,http://www.altdrx.com,https://altdrx.com/
AMFI,,2,2024;2025,true,true,Ecosystem Partner,supporters,true,Exhibitor,Exhibitors,false,,other,http://www.amfiindia.com,
ArrowHead,,2,2025;2026,true,false,,,true,Exhibitor,Exhibitors,true,Bronze Partner,other,https://arrowhead.ai/,https://www.arrowhead.team/
Bank of India,,2,2025;2026,true,false,,,true,Gold Partners,Partners,true,Gold Partner,banking,http://www.bankofindia.co.in,https://bankofindia.bank.in/
BASIC home loan,,2,2024;2026,true,true,Exhibitor,exhibitors,false,,,true,Exhibitor,lending,https://www.basichomeloan.com/,
BeFiSc,,2,2024;2025,true,true,Exhibitor,exhibitors,true,Exhibitor,Exhibitors,false,,other,https://www.befisc.com/,
Boharr,,2,2024;2025,true,true,Exhibitor,exhibitors,true,Exhibitor,Exhibitors,false,,other,http://www.boharr.com,https://boharr.com/
Branchx,BranchX,2,2024;2025,true,true,Exhibitor,exhibitors,true,Bronze Partners,Partners,false,,other,https://www.branchx.in/,
Brandworks Technologies Pvt Ltd,,2,2025;2026,true,false,,,true,Exhibitor,Exhibitors,true,Bronze Partner,infra,https://www.bwtech.in/,
BRISKPE,BriskPe,2,2024;2025,true,true,Gold Partner,partners,true,Gold Partners,Partners,false,,regtech,https://www.briskpe.com/,
BSE Limited.,BSE,2,2025;2026,true,false,,,true,Exhibitor,Exhibitors,true,Exhibitor,other,https://m.bseindia.com/,https://www.bseindia.com/
BUSINESS NEXT,,2,2025;2026,true,false,,,true,Exhibitor,Exhibitors,true,Exhibitor,other,https://www.businessnext.com/,
CamsPay,Cams Pay,2,2024;2026,true,true,Exhibitor,exhibitors,false,,,true,Exhibitor,payments,https://camspay.com/,
Canso.AI,CansoAI,2,2025;2026,true,false,,,true,Exhibitor,Exhibitors,true,Exhibitor,ai,http://canso.ai/,https://www.canso.ai/
CARD91,Card91,2,2024;2025,true,true,Exhibitor,exhibitors,true,Exhibitor,Exhibitors,false,,other,https://card91.io/,
Castler,,2,2024;2025,true,true,Exhibitor,exhibitors,true,Exhibitor,Exhibitors,false,,other,https://castler.com/,
CCIL,,2,2025;2026,true,false,,,true,Exhibitor,Exhibitors,true,Exhibitor,other,https://www.ccilindia.com/,
CHUBB,,2,2025;2026,true,false,,,true,Exhibitor,Exhibitors,true,Exhibitor,other,https://www.chubb.com/us-en/,www.chubb.com
City Union Bank,,2,2025;2026,true,false,,,true,Exhibitor,Exhibitors,true,Exhibitor,banking,https://www.cityunionbank.bank.in/,
CLICKPOST,ClickPost,2,2024;2025,true,true,Exhibitor,exhibitors,true,Exhibitor,Exhibitors,false,,other,https://www.clickpost.ai/,
Cockroach labs,Cockroach Labs,2,2024;2026,true,true,Bronze Partner,partners,false,,,true,Bronze Partner,other,https://www.cockroachlabs.com/,
collexo,Collexo,2,2024;2025,true,true,Exhibitor,exhibitors,true,Exhibitor,Exhibitors,false,,other,https://www.collexo.com/,
Comviva,,2,2025;2026,true,false,,,true,Silver Partners,Partners,true,Bronze Partner,other,http://www.comviva.com/,https://www.comviva.com/
CredAcc,Credacc,2,2024;2025,true,true,Exhibitor,exhibitors,true,Exhibitor,Exhibitors,false,,other,https://www.credacc.com/,
Credentek,,2,2025;2026,true,false,,,true,Exhibitor,Exhibitors,true,Exhibitor,other,http://www.credentek.com,https://www.credentek.com/
Credility,CREDILITY,2,2025;2026,true,false,,,true,Exhibitor,Exhibitors,true,Exhibitor,other,https://credility.in/,
crunchfish,Crunchfish,2,2024;2025,true,true,Exhibitor,exhibitors,true,Exhibitor,Exhibitors,false,,other,https://www.crunchfish.com/,
CryptoBind,,2,2025;2026,true,false,,,true,Exhibitor,Exhibitors,true,Exhibitor,crypto,https://jisasoftech.com/,https://www.jisasoftech.com/
CyberSRCC,,2,2025;2026,true,false,,,true,Exhibitor,Exhibitors,true,Exhibitor,infra,http://www.cybersrcc.com/,https://cybersrcc.com/
Cygnet.One,CYGNET ONE,2,2025;2026,true,false,,,true,Exhibitor,Exhibitors,true,Exhibitor,other,https://www.cygnet.one/,
Data Science Wizards,Data Science Wizards Pvt Ltd,2,2025;2026,true,false,,,true,Exhibitor,Exhibitors,true,Exhibitor,ai,https://www.datasciencewizards.ai/,
DBS Bank,,2,2025;2026,true,false,,,true,Exhibitor,Exhibitors,true,Exhibitor,banking,https://www.dbs.com.sg/index/default.page,https://www.dbs.com/in
DCB Bank,,2,2025;2026,true,false,,,true,Gold Partners,Partners,true,Gold Partner,banking,http://www.dcbbank.com,https://www.dcb.bank.in/
DECIMAL,Decimal Technologies,2,2024;2025,true,true,Exhibitor,exhibitors,true,Exhibitor,Exhibitors,false,,infra,https://decimaltech.com/,
Devrev,DevRev,2,2025;2026,true,false,,,true,Gold Partners,Partners,true,Silver Partner,other,https://devrev.ai/,
dhan,Dhan,2,2024;2025,true,true,Exhibitor,exhibitors,true,Bronze Partners,Partners,false,,other,https://dhan.co/,
Digikhata,DigiKhata,2,2025;2026,true,false,,,true,Bronze Partners,Partners,true,Bronze Partner,other,https://digikhata.in/,https://paypointindia.com
Digio,digio,2,2025;2026,true,false,,,true,Exhibitor,Exhibitors,true,Data Protection & Consent Partner,other,https://www.digio.in/,
Discover,,2,2025;2026,true,false,,,true,Global Payments Partner,Partners,true,Global Payments Partner,other,https://www.discover.com/,
Doqfy,,2,2024;2025,true,true,Exhibitor,exhibitors,true,Exhibitor,Exhibitors,false,,other,https://doqfy.in/,
Easebuzz,,2,2024;2025,true,true,Gold Partner,partners,true,Exhibitor,Exhibitors,false,,other,https://easebuzz.in/,
eps,EPS,2,2024;2025,true,true,Exhibitor,exhibitors,true,Exhibitor,Exhibitors,false,,other,http://www.electronicpay.in/,https://electronicpay.in
equal,Equal,2,2024;2025,true,true,Exhibitor,exhibitors,true,Gold Partners,Partners,false,,other,https://www.equal.in/,
evolute,Evolute,2,2024;2025,true,true,Exhibitor,exhibitors,true,Exhibitor,Exhibitors,false,,other,https://www.evolute.in/,https://www.evolute.in/fintech-innovations/
FCC,,2,2024;2025,true,true,Organizer,organizers,true,Exhibitor,Exhibitors,false,,other,,
Fibe,fibe,2,2025;2026,true,false,,,true,Bronze Partners,Partners,true,Exhibitor,other,https://www.fibe.in/,
FiNDI,Findi,2,2024;2025,true,true,Silver Partner,partners,true,Gold Partners,Partners,false,,other,https://findi.co/,
Finnulate,,2,2025;2026,true,false,,,true,Exhibitor,Exhibitors,true,Exhibitor,other,https://finnulate.ai/,
Fino Payments,Fino,2,2025;2026,true,false,,,true,Exhibitor,Exhibitors,true,Exhibitor,other,https://www.fino.bank.in/,https://www.finobank.com/
Finsire,,2,2024;2025,true,true,Exhibitor,exhibitors,true,Exhibitor,Exhibitors,false,,other,https://www.finsire.com/,
FinStep Asia,Finstep Asia,2,2024;2026,true,true,Ecosystem Partner,supporters,false,,,true,Ecosystem,other,https://www.finstep.asia/,
FinTech Armenia,,2,2025;2026,true,false,,,true,Ecosystem,Ecosystem,true,Ecosystem,infra,https://fintecharmenia.com/,
Finvu,,2,2024;2025,true,true,Exhibitor,exhibitors,true,Exhibitor,Exhibitors,false,,other,https://finvu.in/,
FlexM,,2,2024;2025,true,true,Exhibitor,exhibitors,true,Exhibitor,Exhibitors,false,,other,https://www.flexm.com/,
Fortune4,Fortune4 Technologies,2,2024;2025,true,true,Exhibitor,exhibitors,true,Exhibitor,Exhibitors,false,,infra,https://www.fortune4.in/,
Fracto,,2,2024;2025,true,true,Exhibitor,exhibitors,true,Exhibitor,Exhibitors,false,,other,http://www.fracto.tech/,https://www.fracto.tech/
Fyno,,2,2025;2026,true,false,,,true,Exhibitor,Exhibitors,true,Exhibitor,other,https://fyno.io/,
GeekyAnts,,2,2025;2026,true,false,,,true,Exhibitor,Exhibitors,true,Bronze Partner,other,https://geekyants.com/,https://geekyants.com/en-in
GEMCARDS,Gem Cards,2,2025;2026,true,false,,,true,Exhibitor,Exhibitors,true,Exhibitor,other,https://gemcards.com,https://geminisoftware.com/
Getepay,Get ePay,2,2025;2026,true,false,,,true,Exhibitor,Exhibitors,true,Omni-Channel Payments Partner,payments,http://www.getepay.in/,https://getepay.in/
GLEIF,,2,2025;2026,true,false,,,true,Ecosystem,Ecosystem,true,Ecosystem,other,https://www.gleif.org/,
Gnani.ai,gnani.ai,2,2025;2026,true,false,,,true,Exhibitor,Exhibitors,true,Bronze Partner,ai,https://www.gnani.ai/,
Heph,,2,2025;2026,true,false,,,true,Exhibitor,Exhibitors,true,Exhibitor,other,https://heph.in/,
HyperVerge,Hyperverge,2,2024;2026,true,true,Exhibitor,exhibitors,false,,,true,Exhibitor,other,https://hyperverge.co/,https://hyperverge.co/in/
IDA Ireland,,2,2025;2026,true,false,,,true,Country Partners,Partners,true,Country Partner,other,http://www.idaireland.com/,https://www.idaireland.com/
IDEMIA Group,IDEMIA,2,2024;2025,true,true,Exhibitor,exhibitors,true,Exhibitor,Exhibitors,false,,other,https://idemia.com/,https://www.idemia.com/
IDfy,,2,2024;2025,true,true,Exhibitor,exhibitors,true,Exhibitor,Exhibitors,false,,other,https://www.idfy.com/,
idigicloud,iDigiCloud,2,2024;2025,true,true,Core Banking Partner,partners,true,Silver Partners,Partners,false,,other,https://idigicloudtech.com/,
Ignosis,,2,2025;2026,true,false,,,true,AA Intelligence Partner,Partners,true,Financial Intelligence Partner,other,https://ignosis.ai,https://ignosis.ai/
IIMA Ventures,,2,2024;2026,true,true,Ecosystem Partner,supporters,false,,,true,Exhibitor,other,https://iimaventures.com/,www.iimaventures.com
Indifly,Indifly Ventures,2,2025;2026,true,false,,,true,Exhibitor,Exhibitors,true,Bronze Partner,other,https://www.indiflyventures.com/,
Infibeam Avenues,,2,2025;2026,true,false,,,true,Exhibitor,Exhibitors,true,Exhibitor,other,https://www.avenuesai.com/,https://www.ia.ooo/
Integra Micro,,2,2024;2026,true,true,Exhibitor,exhibitors,false,,,true,Bronze Partner,other,https://integramicro.com/en/,https://www.integramicro.com/
Intellect Design Arena Ltd,,2,2025;2026,true,false,,,true,Exhibitor,Exhibitors,true,Session Partner,other,https://www.intellectdesign.com/,
Invincible Ocean,Invincible ocean,2,2024;2026,true,true,Exhibitor,exhibitors,false,,,true,Exhibitor,other,https://invincibleintelligence.ai/,https://invincibleocean.com/
iPiD,iPid,2,2024;2025,true,true,Exhibitor,exhibitors,true,Exhibitor,Exhibitors,false,,other,https://ipid.tech,https://ipid.tech/
Jio Financial Services Limited,,2,2025;2026,true,false,,,true,Gold Partners,Partners,true,Gold Partner,other,https://www.jfs.in/,https://www.jiofinance.in/
KFin Technologies,Kfin Technologies,2,2024;2026,true,true,Exhibitor,exhibitors,false,,,true,Exhibitor,infra,https://www.kfintech.com/,
Kong,,2,2024;2025,true,true,Exhibitor,exhibitors,true,Exhibitor,Exhibitors,false,,other,http://konghq.com,https://konghq.com/
Kuster Engineering,,2,2025;2026,true,false,,,true,Exhibitor,Exhibitors,true,Exhibitor,other,https://www.imuindia.com/,
Leeway Softech,,2,2024;2025,true,true,Exhibitor,exhibitors,true,Exhibitor,Exhibitors,false,,infra,,
Lemon Yellow,,2,2024;2026,true,true,Exhibitor,exhibitors,false,,,true,Exhibitor,other,https://lemonyellow.design/,
LenDenClub,Lenden Club,2,2025;2026,true,false,,,true,Caffeine Partner,Partners,true,Caffeine Partner,lending,https://www.lendenclub.com/,
Lexis Nexis Risk Solutions,,2,2024;2026,true,true,Exhibitor,exhibitors,false,,,true,Exhibitor,regtech,https://risk.lexisnexis.com/global/en,
Lightspeed Ventures,Lightspeed ventures,2,2024;2025,true,true,Global Growth Partner,partners,true,Gold Partners,Partners,false,,other,https://lsvp.com/,https://lsvp.com/global-presence/lightspeed-india/
M-tech Innovations,M-tech Innovations Ltd,2,2024;2026,true,true,Bronze Partner,partners,false,,,true,Bronze Partner,infra,https://m-techindia.com/,
M2P,,2,2024;2025,true,true,Registration Partner,partners,true,Registration Partner,Partners,false,,other,https://m2pfintech.com/,
MapmyIndia,,2,2024;2026,true,true,Exhibitor,exhibitors,false,,,true,Exhibitor,other,https://about.mappls.com/,https://www.mapmyindia.com/
MCX,,2,2025;2026,true,false,,,true,Exhibitor,Exhibitors,true,Exhibitor,other,https://www.mcxindia.com/,
Metropolitan Stock Exchange,,2,2025;2026,true,false,,,true,Gold Partners,Partners,true,Exhibitor,other,https://mseindia.com/,https://www.msei.in/
MobiKwik,Mobikwik,2,2024;2025,true,true,Gold Partner,partners,true,Exhibitor,Exhibitors,false,,other,https://www.mobikwik.com/,
Modus AI,,2,2025;2026,true,false,,,true,Exhibitor,Exhibitors,true,Exhibitor,ai,https://www.modussecure.com/?utm_source=gff&utm_medium=exhibitor_website&utm_campaign=gff_2025_exhibitor&utm_id=GFF25-EXH-WEB&utm_content=logo_grid,www.modussecure.com
Navi Technologies Limited,Navi,2,2025;2026,true,false,,,true,VIP Lounge Partner,Partners,true,VIP Lounge Partner,infra,http://www.navi.com/,https://navi.com/
Neokred,,2,2024;2025,true,true,Consent Partner,partners,true,Consent Partner,Partners,false,,other,https://www.neokred.tech/,
NSDL,,2,2024;2026,true,true,Exhibitor,exhibitors,false,,,true,Exhibitor,other,https://nsdl.com/,
NSE,,2,2024;2025,true,true,Exhibitor,exhibitors,true,Exhibitor,Exhibitors,false,,other,https://www.nseindia.com/,
ONDC,,2,2025;2026,true,false,,,true,Supporter,Supporters,true,Supporter,infra,https://www.ondc.org/,
One Card,Onecard,2,2024;2025,true,true,Speaker Lounge Partner,partners,true,Speaker Lounge Partner,Partners,false,,other,https://www.getonecard.app/,
OnFinance,,2,2025;2026,true,false,,,true,Exhibitor,Exhibitors,true,Bronze Partner,lending,https://onfinance.ai/,
Oxymoney,oxy money,2,2025;2026,true,false,,,true,Bronze Partners,Partners,true,Exhibitor,other,https://oxymoney.com/,https://website.oxymoney.com/
Pay Nearby,Paynearby,2,2024;2025,true,true,Exhibitor,exhibitors,true,Exhibitor,Exhibitors,false,,other,https://paynearby.in/,
Payhuddle,payhuddle,2,2025;2026,true,false,,,true,Exhibitor,Exhibitors,true,Exhibitor,other,https://www.payhuddle.com/,
PCI,,2,2024;2025,true,true,Organizer,organizers,true,Exhibitor,Exhibitors,false,,other,,
Phi Commerce,,2,2025;2026,true,false,,,true,Exhibitor,Exhibitors,true,Exhibitor,infra,https://phicommerce.com/,
Pinnacle Services,Pinnacle,2,2025;2026,true,false,,,true,Exhibitor,Exhibitors,true,Silver Partner,other,https://www.pinnacle.in/,
Plotline,Plotline Inc,2,2024;2025,true,true,Exhibitor,exhibitors,true,Exhibitor,Exhibitors,false,,other,http://www.plotline.so,https://www.plotline.so
Precize,,2,2025;2026,true,false,,,true,Exhibitor,Exhibitors,true,Exhibitor,other,https://www.precize.in/,
Prodevans,Prodevans Technologies,2,2024;2025,true,true,Exhibitor,exhibitors,true,Exhibitor,Exhibitors,false,,infra,https://www.prodevans.com/,
Protean eGov Technologies Limited,,2,2024;2026,true,true,Charging Station Partner,partners,false,,,true,Bronze Partner,infra,https://www.proteantech.in/,
Punjab National Bank,,2,2024;2026,true,true,Brought To You By,partners,false,,,true,Brought To You By,banking,https://pnb.bank.in/,https://www.pnbindia.in/
Quantum Data Engines,,2,2024;2026,true,true,Exhibitor,exhibitors,false,,,true,Exhibitor,ai,https://qde.ai/,https://www.qde.ai/
RBIH,,2,2025;2026,true,false,,,true,Supporter,Supporters,true,Supporter,infra,https://rbihub.in/,
RevRag.AI,RevRag,2,2025;2026,true,false,,,true,Silver Partners,Partners,true,Bronze Partner,ai,https://www.revrag.ai/,
Rezolv AI Technology Solutions Pvt Ltd,Rezolv,2,2025;2026,true,false,,,true,Exhibitor,Exhibitors,true,Exhibitor,ai,https://www.rezolv.com/,
Safegold,,2,2025;2026,true,false,,,true,Gold Partners,Partners,true,Hydration Partner,other,https://www.safegold.com/,
Sarvam.ai,,2,2025;2026,true,false,,,true,Exhibitor,Exhibitors,true,Exhibitor,ai,http://sarvam.ai,https://www.sarvam.ai/
SBI bank,SBI Bank,2,2024;2025,true,true,Brought To You By,partners,true,Brought To You By,Partners,false,,banking,https://www.onlinesbi.sbi/,
Scapia,,2,2025;2026,true,false,,,true,Platinum Partners,Partners,true,Sundowner,infra,https://www.scapia.cards/,
Scrut Automation,,2,2025;2026,true,false,,,true,Bronze Partners,Partners,true,Exhibitor,other,https://www.scrut.io/,
SEBI,,2,2025;2026,true,false,,,true,Exhibitor,Exhibitors,true,Exhibitor,other,https://www.sebi.gov.in/,
SELP,SELP India pvt limited,2,2024;2025,true,true,Exhibitor,exhibitors,true,Exhibitor,Exhibitors,false,,other,https://www.selp.fr/en/home/,
Servosys Solutions,,2,2024;2025,true,true,Exhibitor,exhibitors,true,Exhibitor,Exhibitors,false,,infra,https://www.servosys.com/,
ShellKode,,2,2025;2026,true,false,,,true,Bronze Partners,Partners,true,Bronze Partner,other,http://www.shellkode.com,https://shellkode.com/
SignDesk,,2,2024;2025,true,true,Bronze Partner,partners,true,Bronze Partners,Partners,false,,other,https://signdesk.com/,https://www.signdesk.com/
Sinch,,2,2025;2026,true,false,,,true,Gold Partners,Partners,true,Gold Partner,infra,https://sinch.com/,https://sinch.com/in/
Smallest.ai,,2,2025;2026,true,false,,,true,Exhibitor,Exhibitors,true,Exhibitor,ai,http://smallest.ai,https://smallest.ai/
Smartping,Smart Ping,2,2025;2026,true,false,,,true,Bronze Partners,Partners,true,Exhibitor,other,https://smartping.ai/,
Squareyards,square yards,2,2025;2026,true,false,,,true,Exhibitor,Exhibitors,true,Exhibitor,other,https://www.squareyards.com/,
State Bank of India,,2,2025;2026,true,false,,,true,Exhibitor,Exhibitors,true,Brought To You By,banking,https://onlinesbi.sbi.bank.in/,https://www.onlinesbi.sbi/
Stripe,,2,2025;2026,true,false,,,true,Gold Partners,Partners,true,Gold Partner,other,http://www.stripe.com/,https://stripe.com/
Sumsub,,2,2025;2026,true,false,,,true,Bronze Partners,Partners,true,Bronze Partner,other,https://sumsub.com/,
sunmi,Sunmi,2,2024;2025,true,true,Exhibitor,exhibitors,true,Exhibitor,Exhibitors,false,,other,https://www.sunmi.com/en/,
symbo,Symbo finance,2,2024;2025,true,true,Exhibitor,exhibitors,true,Exhibitor,Exhibitors,false,,lending,https://www.symbo.co/,
Tata Capital,,2,2025;2026,true,false,,,true,Bronze Partners,Partners,true,Bronze Partner,lending,https://www.tatacapital.com/,
Timble Glance,,2,2024;2025,true,true,Exhibitor,exhibitors,true,Exhibitor,Exhibitors,false,,other,https://www.timbleglance.com/,
Trackwizz,trackwizz,2,2025;2026,true,false,,,true,Exhibitor,Exhibitors,true,Bronze Partner,other,https://www.trackwizz.com,https://www.trackwizz.com/
Truecaller,,2,2025;2026,true,false,,,true,Platinum Partners,Partners,true,Registration Partner,other,https://business.truecaller.com/,https://www.truecaller.com/
UIDAI,,2,2025;2026,true,false,,,true,Supporter,Supporters,true,Supporter,other,https://uidai.gov.in/en/,
Union Bank of India,,2,2024;2026,true,true,Exhibitor,exhibitors,false,,,true,Gold Partner,banking,https://www.unionbankofindia.bank.in/,https://www.unionbankofindia.co.in
veefin,Veefin,2,2024;2025,true,true,Exhibitor,exhibitors,true,Bronze Partners,Partners,false,,other,http://www.veefin.com,https://www.veefin.com/
Verismart,,2,2025;2026,true,false,,,true,Exhibitor,Exhibitors,true,Exhibitor,other,https://www.verismart.ai/,
Vivifi,vivifi,2,2025;2026,true,false,,,true,Exhibitor,Exhibitors,true,Exhibitor,other,https://www.vivifin.com/,
Wegofin,,2,2024;2025,true,true,Gold Partner,partners,true,Gold Partners,Partners,false,,other,https://www.wegofin.com/,
World Line,,2,2024;2025,true,true,Exhibitor,exhibitors,true,Exhibitor,Exhibitors,false,,other,https://worldline.com/,
Xflow,,2,2024;2025,true,true,Exhibitor,exhibitors,true,Exhibitor,Exhibitors,false,,other,https://www.xflowpay.com/,
Yalamanchili,,2,2024;2026,true,true,Exhibitor,exhibitors,false,,,true,Exhibitor,other,https://www.ysppayments.com/,
Z47,,2,2024;2025,true,true,Silver Partner,partners,true,Bronze Partners,Partners,false,,other,https://www.z47.com/,
Zeta,,2,2024;2026,true,true,Exhibitor,exhibitors,false,,,true,Exhibitor,other,https://www.zeta.tech/in/,
Zrika,ZRiKA,2,2025;2026,true,false,,,true,Banking Infrastructure Partner,Partners,true,Gold Partner,other,https://www.zrika.com/,https://zrika.com/
Zykrr,,2,2025;2026,true,false,,,true,Exhibitor,Exhibitors,true,Exhibitor,other,https://www.zykrr.com/,
zyro,Zyro,2,2024;2025,true,true,Exhibitor,exhibitors,true,Exhibitor,Exhibitors,false,,other,https://zyro.in/,
1Pay,,1,2024,false,true,Exhibitor,exhibitors,false,,,false,,payments,https://1pay.in/,
5paisa Capital Limited,,1,2026,false,false,,,false,,,true,Exhibitor,lending,https://www.5paisa.com/,
Aadhaar,,1,2026,false,false,,,false,,,true,Exhibitor,other,https://myaadhaar.uidai.gov.in/,
Aadhar,,1,2025,false,false,,,true,Exhibitor,Exhibitors,false,,other,https://uidai.gov.in/en/,
Aadiswan,,1,2024,false,true,Bronze Partner,partners,false,,,false,,other,https://www.aadiswan.com/,
AB Fintechs,,1,2024,false,true,Ecosystem Partner,supporters,false,,,false,,infra,,
abcd,,1,2025,false,false,,,true,Silver Partners,Partners,false,,other,https://www.adityabirlacapital.com/abcd,
Accel,,1,2024,false,true,Gold Partner,partners,false,,,false,,other,https://www.accel.com/india-home,
Accura Scan,,1,2024,false,true,Exhibitor,exhibitors,false,,,false,,other,http://www.accurascan.com/,
Aditya Birla Capital Ltd.,,1,2024,false,true,Silver Partner,partners,false,,,false,,lending,https://www.adityabirlacapital.com/,
Adobe,,1,2025,false,false,,,true,Customer Experience Partner,Partners,false,,other,,
Adyen,,1,2026,false,false,,,false,,,true,Global Enterprise Payments Partner,other,https://www.adyen.com/,
Aerospike,,1,2026,false,false,,,false,,,true,Bronze Partner,other,https://aerospike.com/,
AFN,,1,2026,false,false,,,false,,,true,Ecosystem,other,,
AFTA,,1,2025,false,false,,,true,Ecosystem,Ecosystem,false,,other,https://www.asianfintechacademy.com/index.php,
Agentic Universe,,1,2026,false,false,,,false,,,true,Gold Partner,other,https://agenticuniverse.ai/,
Ainxttech,,1,2024,false,true,Exhibitor,exhibitors,false,,,false,,infra,https://www.ainxttech.com/,
Alliance DFA,,1,2025,false,false,,,true,Ecosystem,Ecosystem,false,,other,https://alliancedfa.org/,
Alliance of Digital finance association,,1,2024,false,true,Ecosystem Partner,supporters,false,,,false,,lending,,
American Express,,1,2024,false,true,Gold Partner,partners,false,,,false,,other,https://www.americanexpress.com/en-in/,
ANTINO,,1,2025,false,false,,,true,Exhibitor,Exhibitors,false,,other,http://www.antino.com/,
Appreciate Wealth,,1,2024,false,true,Gold Partner,partners,false,,,false,,wealthtech,https://appreciatewealth.com/,
Aptuz Technology Solution,,1,2025,false,false,,,true,Exhibitor,Exhibitors,false,,infra,https://aptuz.com/,
Arthur D Little,,1,2024,false,true,Ecosystem Partner,supporters,false,,,false,,other,,
Ascenda Loyalty,,1,2024,false,true,Silver Partner,partners,false,,,false,,other,https://www.ascenda.com/,
Asian Fintech Academy,,1,2024,false,true,Academia Partner,supporters,false,,,false,,infra,https://www.asianfintechacademy.com/,
Aska Technologies,,1,2026,false,false,,,false,,,true,Exhibitor,infra,www.askatech.in,
Association of Mutual Funds in India,,1,2026,false,false,,,false,,,true,Exhibitor,wealthtech,https://www.amfiindia.com/,
Astuto Technologies OneLens,,1,2025,false,false,,,true,Exhibitor,Exhibitors,false,,infra,https://www.astuto.ai/,
Atriina Technologies,,1,2024,false,true,Exhibitor,exhibitors,false,,,false,,infra,https://atriina.com/,
Aurionpro,,1,2024,false,true,Exhibitor,exhibitors,false,,,false,,other,https://www.aurionpro.com/,
Austrade,,1,2024,false,true,Innovative Country Partner,partners,false,,,false,,other,https://www.austrade.gov.au/,
AuthBridge,,1,2025,false,false,,,true,Notepad Partner,Partners,false,,other,https://authbridge.com/,
AVSS EFORRM INDIA PVT LTD,,1,2026,false,false,,,false,,,true,Exhibitor,other,https://avsstech.com/company,
Backspace,,1,2024,false,true,Exhibitor,exhibitors,false,,,false,,other,https://www.backspace.tech/,
Bajaj Capital,,1,2026,false,false,,,false,,,true,Exhibitor,lending,https://www.bajajcapital.com/,
BASIC,,1,2025,false,false,,,true,Exhibitor,Exhibitors,false,,other,http://www.basichomeloan.com,
BCFI ( Business Correspondents Federation of India ),,1,2024,false,true,Ecosystem Partner,supporters,false,,,false,,other,,
Beams Fund,,1,2025,false,false,,,true,Silver Partners,Partners,false,,other,https://beams.vc/,
Beams VC Partnerz LLP,,1,2024,false,true,Silver Partner,partners,false,,,false,,other,https://beams.vc/,
Bharatsure,,1,2024,false,true,Exhibitor,exhibitors,false,,,false,,other,https://bharatsure.com/,
Big City Promotions,,1,2025,false,false,,,true,Exhibitor,Exhibitors,false,,other,,
Biocatch,,1,2024,false,true,Exhibitor,exhibitors,false,,,false,,other,,
Biz2X,,1,2025,false,false,,,true,Bronze Partners,Partners,false,,other,https://www.biz2x.com/india/,
Blue Machines AI,,1,2026,false,false,,,false,,,true,Silver Partner,ai,https://bluemachines.ai/,
BNPRS,,1,2026,false,false,,,false,,,true,Exhibitor,other,https://www.bnprs.in/,
Bolna,,1,2026,false,false,,,false,,,true,Silver Partner,other,https://bolna.ai/,
Borderless,,1,2026,false,false,,,false,,,true,Bronze Partner,other,http://borderless.world/insights,
BPC,,1,2025,false,false,,,true,Bronze Partners,Partners,false,,other,https://www.bpcbt.com/en/,
Bridgewise,,1,2024,false,true,Exhibitor,exhibitors,false,,,false,,other,,
Bureau,,1,2025,false,false,,,true,Exhibitor,Exhibitors,false,,other,https://www.bureau.id/,
CAMS,,1,2025,false,false,,,true,Exhibitor,Exhibitors,false,,other,https://www.camsonline.com/,
CASHe,,1,2024,false,true,Exhibitor,exhibitors,false,,,false,,other,https://www.cashe.co.in/,
CASTLER code,,1,2025,false,false,,,true,Exhibitor,Exhibitors,false,,other,https://castler.com/,
CFTE,,1,2024,false,true,Ecosystem Partner,supporters,false,,,false,,other,https://courses.cfte.education/,
Chalo,,1,2025,false,false,,,true,Mobility Partner,Partners,false,,other,https://chalo.com/app/global-fintech-fest/mumbai,
Chat360,,1,2026,false,false,,,false,,,true,Bronze Partner,other,https://www.chat360.io/,
CIBE,,1,2026,false,false,,,false,,,true,Ecosystem,other,,
Cibil,,1,2024,false,true,Credit Insights Partner,partners,false,,,false,,other,https://www.transunioncibil.com/,
CIO News,,1,2024,false,true,Ecosystem Partner,supporters,false,,,false,,other,,
Cisco,,1,2026,false,false,,,false,,,true,Gold Partner,other,https://www.cisco.com/,
CLARISTA,,1,2024,false,true,Exhibitor,exhibitors,false,,,false,,other,https://www.clarista.io/,
Clear,,1,2025,false,false,,,true,Bronze Partners,Partners,false,,other,https://www.clear.in/,
Cleartax.ai,,1,2026,false,false,,,false,,,true,Exhibitor,ai,https://www.clear.in/,
CleverTap,,1,2026,false,false,,,false,,,true,Gold Partner,other,https://clevertap.com/,
Cloudare,,1,2025,false,false,,,true,Exhibitor,Exhibitors,false,,infra,https://www.cloudare.in/,
CockroachDB,,1,2025,false,false,,,true,Bronze Partners,Partners,false,,other,https://www.cockroachlabs.com/,
CognitivTrust,,1,2025,false,false,,,true,Exhibitor,Exhibitors,false,,other,https://www.cognitivtrust.com/,
Commscope,,1,2025,false,false,,,true,Exhibitor,Exhibitors,false,,infra,http://www.commscope.com,
ConfirmU,,1,2024,false,true,Exhibitor,exhibitors,false,,,false,,other,,
Confluent,,1,2024,false,true,Silver Partner,partners,false,,,false,,other,,
Convin AI,,1,2025,false,false,,,true,Exhibitor,Exhibitors,false,,ai,https://convin.ai/home-b,
Copenhagen Fintech,,1,2025,false,false,,,true,Country Partners,Partners,false,,infra,http://www.denmark.dk/,
Corbin,,1,2025,false,false,,,true,Exhibitor,Exhibitors,false,,other,https://www.corbintech.co.in/,
Corestrat,,1,2024,false,true,Exhibitor,exhibitors,false,,,false,,other,https://corestrat.ai/,
Corpository,,1,2024,false,true,Exhibitor,exhibitors,false,,,false,,other,,
cotodel,,1,2025,false,false,,,true,Exhibitor,Exhibitors,false,,other,http://www.cotodel.com/,
Craft AI,,1,2026,false,false,,,false,,,true,Exhibitor,ai,https://www.craftaihq.com/,
Credable,,1,2024,false,true,Exhibitor,exhibitors,false,,,false,,other,https://www.credable.in/,
Credgenics,,1,2024,false,true,Exhibitor,exhibitors,false,,,false,,other,https://www.credgenics.com/,
Creditr,,1,2024,false,true,Exhibitor,exhibitors,false,,,false,,lending,https://creditr.in/,
CredResolve,,1,2026,false,false,,,false,,,true,Bronze Partner,other,https://www.credresolve.com/,
Crunchfish Digital Cash,,1,2026,false,false,,,false,,,true,Exhibitor,other,https://www.crunchfish.com/,
Cy5.io,,1,2026,false,false,,,false,,,true,Exhibitor,other,www.cy5.io,
CyberArk,,1,2024,false,true,Exhibitor,exhibitors,false,,,false,,infra,,
Cygnet Infotech,,1,2024,false,true,Exhibitor,exhibitors,false,,,false,,infra,https://www.cygnet.one/,
Dallas Venture Capital,,1,2024,false,true,Exhibitor,exhibitors,false,,,false,,lending,https://dallasvc.com/,
Datagen Systems Private Limited (LAKE X AI),,1,2026,false,false,,,false,,,true,Exhibitor,ai,http://www.lakex.ai/,
Dcirrus Cloud Computing Services,,1,2025,false,false,,,true,Exhibitor,Exhibitors,false,,infra,,
DECENTRO,,1,2025,false,false,,,true,Exhibitor,Exhibitors,false,,other,https://decentro.tech/,
Decisimo,,1,2025,false,false,,,true,Exhibitor,Exhibitors,false,,other,https://www.decisimo.com,
Deepvue,,1,2025,false,false,,,true,Exhibitor,Exhibitors,false,,other,https://deepvue.tech,
DialmyCA,,1,2024,false,true,Exhibitor,exhibitors,false,,,false,,other,,
DianApps,,1,2025,false,false,,,true,Exhibitor,Exhibitors,false,,other,https://dianapps.com/,
DIFC,,1,2024,false,true,Gold Partner,partners,false,,,false,,other,https://innovationhub.difc.ae/,
DIFC Innovation Hub,,1,2024,false,true,Exhibitor,exhibitors,false,,,false,,other,https://innovationhub.difc.ae/,
Digitathya,,1,2025,false,false,,,true,Integrity Partner,Partners,false,,other,https://www.digitathya.com/,
DIIP,,1,2025,false,false,,,true,Supporter,Supporters,false,,other,https://www.startupindia.gov.in/,
Diners Club Services Private Limited - Discover,,1,2024,false,true,Global Payments Partner,partners,false,,,false,,other,https://www.discoverglobalnetwork.com/,
Discrete Kernel,,1,2024,false,true,Exhibitor,exhibitors,false,,,false,,other,https://www.discretekernel.com/,
Dista Technology Pvt. Ltd.,,1,2026,false,false,,,false,,,true,Exhibitor,infra,https://dista.ai/,
DMI Finance,,1,2024,false,true,Silver Partner,partners,false,,,false,,lending,https://www.dmifinance.in/,
Domywork,,1,2026,false,false,,,false,,,true,Exhibitor,other,www.companyhub.com,
Dotclear.io,,1,2024,false,true,Exhibitor,exhibitors,false,,,false,,other,https://dotclear.io/,
DoubleTick,,1,2026,false,false,,,false,,,true,Exhibitor,other,https://doubletick.io/,
EarlySalary-Fibe,,1,2024,false,true,Exhibitor,exhibitors,false,,,false,,other,https://www.fibe.in/,
Ease My deal,,1,2025,false,false,,,true,Bronze Partners,Partners,false,,other,http://www.easemydeal.com,
Easyrewardz,,1,2024,false,true,Exhibitor,exhibitors,false,,,false,,other,https://www.easyrewardz.com/,
EBIX Cash/ BSE,,1,2024,false,true,Exhibitor,exhibitors,false,,,false,,other,,
eChai,,1,2024,false,true,Ecosystem Partner,supporters,false,,,false,,other,https://echai.ventures/,
Ecofy,,1,2024,false,true,Exhibitor,exhibitors,false,,,false,,other,https://www.ecofy.co.in/,
Edenred India,,1,2024,false,true,Exhibitor,exhibitors,false,,,false,,other,https://www.edenredrewards.co.in/,
Eleven Labs,,1,2026,false,false,,,false,,,true,Voice AI Partner,other,https://elevenlabs.io/,
Embassy of the Federal Republic of Germany,,1,2024,false,true,Ecosystem Partner,supporters,false,,,false,,other,,
Emerging Payments Association Asia,,1,2024,false,true,Ecosystem Partner,supporters,false,,,false,,payments,,
ensuredit,,1,2025,false,false,,,true,Exhibitor,Exhibitors,false,,other,https://www.ensuredit.com/,
Entrust,,1,2024,false,true,Exhibitor,exhibitors,false,,,false,,other,https://www.entrust.com/contact,
EPA,,1,2025,false,false,,,true,Ecosystem,Ecosystem,false,,other,https://emergingpaymentsasia.org/,
Equitas Bank,,1,2024,false,true,Exhibitor,exhibitors,false,,,false,,banking,,
Ericsson Mobile Financial Services,,1,2025,false,false,,,true,Gold Partners,Partners,false,,other,https://www.ericsson.com/en/mobile-financial-services,
ET Now,,1,2024,false,true,Ecosystem Partner,supporters,false,,,false,,other,,
Europ Assistance India Pvt. Ltd,,1,2025,false,false,,,true,Exhibitor,Exhibitors,false,,other,https://www.europ-assistance.in/,
European Digital Finance Association,,1,2025,false,false,,,true,Ecosystem,Ecosystem,false,,lending,https://www.europeandigitalfinance.eu/,
Evolis,,1,2024,false,true,Exhibitor,exhibitors,false,,,false,,other,in.evolis.com,
Exotel,,1,2024,false,true,Silver Partner,partners,false,,,false,,other,,
Facctum,,1,2025,false,false,,,true,Exhibitor,Exhibitors,false,,other,https://www.facctum.com/,
Facctum IT solutions pvt Ltd,,1,2024,false,true,Exhibitor,exhibitors,false,,,false,,infra,,
Falcon,,1,2024,false,true,Exhibitor,exhibitors,false,,,false,,other,https://www.falconfs.com/,
FASL,,1,2025,false,false,,,true,Ecosystem,Ecosystem,false,,other,https://srilankafintech.org/,
Federal Bank,,1,2024,false,true,Exhibitor,exhibitors,false,,,false,,banking,https://www.federalbank.co.in/home,
Fi Money,,1,2024,false,true,Strategic Insights Partner,partners,false,,,false,,other,,
Fiatpe,,1,2025,false,false,,,true,Floor Plan Partner,Partners,false,,other,https://fiatpe.com/,
FICO,,1,2025,false,false,,,true,Session Partner,Partners,false,,other,https://www.fico.com/en,
Fime,,1,2024,false,true,Exhibitor,exhibitors,false,,,false,,other,https://www.fime.com,
Financial Club,,1,2025,false,false,,,true,Supporter,Supporters,false,,other,http://financialclub.co/,
Financial Technology Association,,1,2026,false,false,,,false,,,true,Ecosystem,infra,,
Financial Times,,1,2024,false,true,Platinum Partner,partners,false,,,false,,other,https://www.ft.com/,
Finbox,,1,2024,false,true,Exhibitor,exhibitors,false,,,false,,other,https://finbox.in,
FinEye,,1,2026,false,false,,,false,,,true,Exhibitor,other,fineye.co,
Finigami,,1,2024,false,true,Exhibitor,exhibitors,false,,,false,,other,,
Finlock,,1,2026,false,false,,,false,,,true,Exhibitor,other,https://www.zaperon.com/,
FINSTEP,,1,2025,false,false,,,true,Ecosystem,Ecosystem,false,,other,https://www.finstep.asia/,
Fintech Assocation of Nepal (Fintech Alliance Nepal),,1,2024,false,true,Ecosystem Partner,supporters,false,,,false,,infra,,
Fintech Aviv,,1,2025,false,false,,,true,Ecosystem,Ecosystem,false,,infra,http://www.fintech-aviv.com/,
Fintech Nation,,1,2025,false,false,,,true,Ecosystem,Ecosystem,false,,infra,,
FinTech Poland,,1,2025,false,false,,,true,Ecosystem,Ecosystem,false,,infra,https://fintechpoland.com/en/home/,
FINTECHNA,,1,2025,false,false,,,true,Ecosystem,Ecosystem,false,,infra,,
Fintoo,,1,2026,false,false,,,false,,,true,Exhibitor,other,https://www.fintoo.in/,
Fintree Finance Pvt. Ltd.,,1,2026,false,false,,,false,,,true,Exhibitor,lending,https://fintreefinance.com/,
Finvu - Cookiejar Technologies,,1,2025,false,false,,,true,Gold Partners,Partners,false,,infra,https://finvu.in/,
Firsthive,,1,2026,false,false,,,false,,,true,Silver Partner,other,https://firsthive.com/,
FIS,,1,2026,false,false,,,false,,,true,Exhibitor,other,https://www.fisglobal.com/,
Frappe Technologies,,1,2025,false,false,,,true,Exhibitor,Exhibitors,false,,infra,https://frappe.io/,
Fundamento,,1,2026,false,false,,,false,,,true,Silver Partner,other,https://fundamento.ai/,
FYERS,,1,2024,false,true,Exhibitor,exhibitors,false,,,false,,other,,
"G2P,IIITB",,1,2025,false,false,,,true,Exhibitor,Exhibitors,false,,other,,
Gemini Cards,,1,2024,false,true,Exhibitor,exhibitors,false,,,false,,payments,https://geminisoftware.com/,
German Trade & Invest,,1,2024,false,true,Ecosystem Partner,supporters,false,,,false,,wealthtech,,
Giesecke & Devrient,,1,2024,false,true,Exhibitor,exhibitors,false,,,false,,other,,
GIFT,,1,2025,false,false,,,true,Supporter,Supporters,false,,other,https://www.giftgujarat.in/,
Gift City,,1,2026,false,false,,,false,,,true,Exhibitor,other,https://giftgujarat.in/,
Gnani Innovations Private Limited,,1,2024,false,true,Exhibitor,exhibitors,false,,,false,,other,https://www.gnani.ai/,
Grameen Foundation,,1,2024,false,true,Gold Partner,partners,false,,,false,,other,,
GramPro,,1,2024,false,true,Exhibitor,exhibitors,false,,,false,,other,https://gramproindia.com/,
Grant Thornton,,1,2024,false,true,Knowledge Partner,supporters,false,,,false,,other,https://www.grantthornton.in/,
Gridlines,,1,2025,false,false,,,true,Exhibitor,Exhibitors,false,,other,https://gridlines.io/,
Gridlines by OnGrid,,1,2026,false,false,,,false,,,true,Exhibitor,other,http://gridlines.io,
Groww,,1,2025,false,false,,,true,Invest Tech Partner,Partners,false,,other,http://www.groww.in,
Gupshup,,1,2024,false,true,Silver Partner,partners,false,,,false,,other,https://www.gupshup.io/,
GYFTR,,1,2024,false,true,Exhibitor,exhibitors,false,,,false,,other,https://www.gyftr.com/,
Haoda Pay,,1,2024,false,true,Exhibitor,exhibitors,false,,,false,,payments,https://haodapay.com/,
Haqdarshaq,,1,2024,false,true,Exhibitor,exhibitors,false,,,false,,other,,
Harjai HCPL,,1,2024,false,true,Exhibitor,exhibitors,false,,,false,,other,https://harjaicomputers.com/,
Healthcred,,1,2024,false,true,Exhibitor,exhibitors,false,,,false,,other,,
Helsinki Fintech Farm,,1,2025,false,false,,,true,Ecosystem,Ecosystem,false,,infra,https://www.helsinkifintech.fi/,
Hiwi Pay,,1,2024,false,true,Exhibitor,exhibitors,false,,,false,,payments,https://hiwipay.com/,
HummingWave Technologies,,1,2024,false,true,Exhibitor,exhibitors,false,,,false,,infra,https://www.hummingwave.com/,
Hyperface,,1,2024,false,true,Exhibitor,exhibitors,false,,,false,,other,https://www.hyperface.co/,
Hyperverse,,1,2025,false,false,,,true,Exhibitor,Exhibitors,false,,other,https://hyperverge.co/in/,
IBM,,1,2024,false,true,Exhibitor,exhibitors,false,,,false,,other,https://www.ibm.com/in-en,
ibs intelligence,,1,2024,false,true,Ecosystem Partner,supporters,false,,,false,,ai,,
Identy.io,,1,2026,false,false,,,false,,,true,Exhibitor,other,https://www.identy.io/,
iDreamBiz,,1,2026,false,false,,,false,,,true,Exhibitor,other,https://www.idreambiz.com/,
IFC,,1,2025,false,false,,,true,Supporter,Supporters,false,,other,https://www.ifc.org/en/home,
IFIM,,1,2024,false,true,Academia Partner,supporters,false,,,false,,other,,
IFSCA,,1,2026,false,false,,,false,,,true,Exhibitor,regtech,,
IIIT Bangalore,,1,2026,false,false,,,false,,,true,Ecosystem,other,,
IIT Bombay Research Park Foundation,,1,2025,false,false,,,true,Exhibitor,Exhibitors,false,,other,,
Imarticus Learning,,1,2025,false,false,,,true,Exhibitor,Exhibitors,false,,other,,
In-Solutions Global,,1,2026,false,false,,,false,,,true,Silver Partner,infra,https://insolutionsglobal.com/,
InCred,,1,2026,false,false,,,false,,,true,Exhibitor,other,https://incred.com/,
Indian Banks Association,,1,2026,false,false,,,false,,,true,Exhibitor,banking,https://www.iba.org.in/,
INDIASPORA,,1,2025,false,false,,,true,Ecosystem,Ecosystem,false,,other,https://www.indiaspora.org/,
Infibeam/ CC Avenues,,1,2024,false,true,Exhibitor,exhibitors,false,,,false,,other,,
Infineon Technologies,,1,2025,false,false,,,true,Exhibitor,Exhibitors,false,,infra,https://www.infineon.com/,
Innovate Finance,,1,2024,false,true,Ecosystem Partner,supporters,false,,,false,,lending,,
Insurance Dekho,,1,2024,false,true,Exhibitor,exhibitors,false,,,false,,insurtech,https://www.insurancedekho.com/,
Int Global,,1,2026,false,false,,,false,,,true,Exhibitor,other,https://intglobal.com/,
Integra,,1,2025,false,false,,,true,Exhibitor,Exhibitors,false,,other,http://www.integramicro.com,
IntelleWings,,1,2025,false,false,,,true,Exhibitor,Exhibitors,false,,other,https://intellewings.com/,
intent HQ,,1,2024,false,true,Exhibitor,exhibitors,false,,,false,,other,,
Interestng,,1,2026,false,false,,,false,,,true,Exhibitor,other,https://interestng.com,
Investkraft,,1,2024,false,true,Exhibitor,exhibitors,false,,,false,,wealthtech,https://www.investkraft.com/,
Invincible,,1,2025,false,false,,,true,Exhibitor,Exhibitors,false,,other,https://invincibleocean.com/,
IppoPay,,1,2026,false,false,,,false,,,true,Bronze Partner,payments,https://www.ippopay.com/,
IRIX Technologies,,1,2024,false,true,Exhibitor,exhibitors,false,,,false,,infra,https://www.irix.in/index.html,
ISG,,1,2024,false,true,Silver Partner,partners,false,,,false,,other,https://insolutionsglobal.com/,
ISG - In-solutions Global,,1,2025,false,false,,,true,Gold Partners,Partners,false,,infra,https://www.insolutionsglobal.com/,
Israel Advanced Technology Industries Association (IATIA),,1,2025,false,false,,,true,Ecosystem,Ecosystem,false,,infra,,
istreet Network,,1,2025,false,false,,,true,Silver Partners,Partners,false,,infra,http://www.istreetnetwork.com/,
ItaliaFintech,,1,2024,false,true,Ecosystem Partner,supporters,false,,,false,,infra,,
ITEL,,1,2026,false,false,,,false,,,true,Ecosystem,other,,
ITM Business School,,1,2024,false,true,Academia Partner,supporters,false,,,false,,other,,
ITRS,,1,2026,false,false,,,false,,,true,Exhibitor,other,https://www.itrsgroup.com/,
Jar,,1,2025,false,false,,,true,Bronze Partners,Partners,false,,other,https://www.myjar.app/,
JCB Card International South Asia,,1,2025,false,false,,,true,Bronze Partners,Partners,false,,payments,https://www.global.jcb/en/,
JCB International Co. Ltd.,,1,2026,false,false,,,false,,,true,Bronze Partner,other,https://www.in.jcb/en-in/,
Jio Cloud,,1,2024,false,true,Exhibitor,exhibitors,false,,,false,,infra,,
JITO JIIF,,1,2024,false,true,Ecosystem Partner,supporters,false,,,false,,other,,
JM Financial Services,,1,2025,false,false,,,true,Bronze Partners,Partners,false,,other,,
Juicyscore,,1,2025,false,false,,,true,Exhibitor,Exhibitors,false,,other,https://juicyscore.ai/,
Kaizen voiz,,1,2024,false,true,Exhibitor,exhibitors,false,,,false,,other,,
Kaleidofin,,1,2024,false,true,Exhibitor,exhibitors,false,,,false,,other,,
Karta AI,,1,2026,false,false,,,false,,,true,Exhibitor,ai,https://getkarta.ai/,
Kathmandu Fintech,,1,2025,false,false,,,true,Ecosystem,Ecosystem,false,,infra,,
Kathmandu Fintel,,1,2026,false,false,,,false,,,true,Ecosystem,other,,
Kfintech,,1,2025,false,false,,,true,Exhibitor,Exhibitors,false,,infra,https://www.kfintech.com/,
Kiotel Automation,,1,2025,false,false,,,true,Exhibitor,Exhibitors,false,,other,,
Kissht,,1,2026,false,false,,,false,,,true,Silver Partner,other,https://www.kissht.com/,
Kissht - Ring India,,1,2025,false,false,,,true,Silver Partners,Partners,false,,other,https://www.kissht.com/,
KL Hitech,,1,2024,false,true,Exhibitor,exhibitors,false,,,false,,infra,https://klhitech.com/,
Kosh,,1,2024,false,true,Exhibitor,exhibitors,false,,,false,,other,,
KrishiFin,,1,2025,false,false,,,true,Exhibitor,Exhibitors,false,,other,,
Kyndryl,,1,2024,false,true,Exhibitor,exhibitors,false,,,false,,other,https://www.kyndryl.com/in/en,
Kyvos,,1,2026,false,false,,,false,,,true,Exhibitor,other,https://www.intellicus.com/,
L&T Finance,,1,2024,false,true,VIP Lounge Partner,partners,false,,,false,,lending,https://www.ltfs.com/,
LCode Technologies Pvt Ltd,,1,2024,false,true,Exhibitor,exhibitors,false,,,false,,infra,https://www.lcodetechnologies.com/,
LEDGERS.Cloud,,1,2024,false,true,Bronze Partner,partners,false,,,false,,infra,https://ledgers.cloud/,
LEINow by Bundesanzeiger Verlag GmbH,,1,2026,false,false,,,false,,,true,Silver Partner,other,https://www.bundesanzeiger-verlag.de/,
LexisNexis,,1,2025,false,false,,,true,Exhibitor,Exhibitors,false,,other,https://risk.lexisnexis.com/global/en/,
Loantap,,1,2024,false,true,Exhibitor,exhibitors,false,,,false,,lending,https://loantap.in/,
Luckpay,,1,2025,false,false,,,true,Silver Partners,Partners,false,,payments,http://www.luckpay.in/,
Luxembourg House of Financial Technology,,1,2026,false,false,,,false,,,true,Exhibitor,infra,www.luxembourgforfinance.com,
ly,,1,2025,false,false,,,true,Exhibitor,Exhibitors,false,,other,https://lemonyellow.design/,
LYZR.AI,,1,2025,false,false,,,true,Exhibitor,Exhibitors,false,,ai,http://lyzr.ai,
"m,Stock",,1,2025,false,false,,,true,Exhibitor,Exhibitors,false,,other,https://www.mstock.com/,
M-Swasth,,1,2024,false,true,Exhibitor,exhibitors,false,,,false,,other,https://m-swasth.in/,
M-tech,,1,2025,false,false,,,true,Bronze Partners,Partners,false,,infra,https://www.m-techindia.com/,
MahaMoney,,1,2025,false,false,,,true,Exhibitor,Exhibitors,false,,other,http://www.mahamoney.com,
Mandeshi,,1,2024,false,true,Exhibitor,exhibitors,false,,,false,,other,,
Manipal,,1,2025,false,false,,,true,Exhibitor,Exhibitors,false,,other,https://mpimanipal.com/,
Manipal Business Solutions,,1,2024,false,true,Exhibitor,exhibitors,false,,,false,,infra,,
mantra,,1,2025,false,false,,,true,Bronze Partners,Partners,false,,other,https://www.mantratec.com,
Mantra Softech,,1,2026,false,false,,,false,,,true,Exhibitor,infra,https://www.mantratec.com/,
Mappls,,1,2025,false,false,,,true,Exhibitor,Exhibitors,false,,other,https://www.mapmyindia.com/,
Maximus Infoware (India),,1,2024,false,true,Exhibitor,exhibitors,false,,,false,,other,,
MCT Cards & Technology Private Limited (MCT),,1,2024,false,true,Exhibitor,exhibitors,false,,,false,,payments,,
MeitY,,1,2025,false,false,,,true,Exhibitor,Exhibitors,false,,other,https://www.meity.gov.in/,
Melento,,1,2026,false,false,,,false,,,true,Bronze Partner,other,https://www.melento.ai,
META,,1,2025,false,false,,,true,Diamond Partners,Partners,false,,other,,
Metis Intellisystems,,1,2024,false,true,Exhibitor,exhibitors,false,,,false,,infra,https://metisintel.in/,
Microsoft,,1,2024,false,true,Exhibitor,exhibitors,false,,,false,,other,https://www.microsoft.com/en-in/,
Millennium EBS,,1,2024,false,true,Exhibitor,exhibitors,false,,,false,,other,http://www.millenniumebs.com/,
minio,,1,2025,false,false,,,true,Silver Partners,Partners,false,,other,http://www.min.io/,
Mirae Asset Sharekhan,,1,2025,false,false,,,true,Exhibitor,Exhibitors,false,,other,https://www.sharekhan.com/,
Mitigata,,1,2026,false,false,,,false,,,true,Securing & Insuring Partner,other,https://mitigata.com/,
Mobicule,,1,2024,false,true,Exhibitor,exhibitors,false,,,false,,other,https://www.mobicule.com,
Mobilewalla,,1,2024,false,true,Exhibitor,exhibitors,false,,,false,,other,,
Money Club,,1,2024,false,true,Exhibitor,exhibitors,false,,,false,,other,https://moneyclubber.com/,
Money20/20,,1,2024,false,true,Bronze Partner,partners,false,,,false,,other,https://asia.money2020.com/,
MoneyHop,,1,2024,false,true,Exhibitor,exhibitors,false,,,false,,other,https://www.moneyhop.co/,
MoneyView,,1,2024,false,true,Silver Partner,partners,false,,,false,,other,https://moneyview.in/,
Monsoon Credit,,1,2024,false,true,Exhibitor,exhibitors,false,,,false,,lending,,
Morningstar,,1,2025,false,false,,,true,Exhibitor,Exhibitors,false,,other,https://www.morningstar.in/default.aspx,
Mospi,,1,2025,false,false,,,true,Exhibitor,Exhibitors,false,,other,https://www.mospi.gov.in/?ref=cybrhome,
MSP,,1,2024,false,true,Exhibitor,exhibitors,false,,,false,,other,https://www.madrassecurityprinters.com/,
mufin,,1,2025,false,false,,,true,Exhibitor,Exhibitors,false,,other,http://www.mufinpay.com,
Mufinpay,,1,2026,false,false,,,false,,,true,Exhibitor,payments,https://mufinpay.com,
MultiFy,,1,2025,false,false,,,true,Exhibitor,Exhibitors,false,,other,https://multifysolutions.com/,
Mupizo Payments,,1,2024,false,true,Exhibitor,exhibitors,false,,,false,,payments,https://mupizo.com/,
Muthoot,,1,2025,false,false,,,true,Exhibitor,Exhibitors,false,,other,https://www.muthootfincorp.com/,
Muthoot Fincorp,,1,2025,false,false,,,true,Financial Inclusion Partner,Partners,false,,other,https://www.muthootfincorp.com/,
My Mudra Fincorp,,1,2026,false,false,,,false,,,true,Exhibitor,other,www.mymudra.com,
MYFinT: Malaysian Youth FinTech Association,,1,2025,false,false,,,true,Ecosystem,Ecosystem,false,,infra,https://www.myfint.org/,
Mylapay,,1,2025,false,false,,,true,Exhibitor,Exhibitors,false,,payments,http://www.mylapay.com,
National Securities Depository Limited,,1,2025,false,false,,,true,Exhibitor,Exhibitors,false,,wealthtech,https://nsdl.co.in/,
National Stock Exchange,,1,2026,false,false,,,false,,,true,Exhibitor,wealthtech,https://www.nseindia.com/,
Navanatech AI,,1,2026,false,false,,,false,,,true,Silver Partner,ai,https://navana.ai/,
NCR Atleos,,1,2024,false,true,Bronze Partner,partners,false,,,false,,other,https://www.ncratleos.com/,
Neo Growth,,1,2025,false,false,,,true,Exhibitor,Exhibitors,false,,other,https://www.neogrowth.in/,
Neo4j,,1,2026,false,false,,,false,,,true,Bronze Partner,other,https://neo4j.com/,
Newgen Software,,1,2024,false,true,Gold Partner,partners,false,,,false,,infra,https://newgensoft.com/,
Niti.ai,,1,2024,false,true,Exhibitor,exhibitors,false,,,false,,ai,https://niti.ai/,
Nogrunt,,1,2026,false,false,,,false,,,true,Exhibitor,other,https://www.nogrunt.ai/,
Northern Arc,,1,2024,false,true,Gold Partner,partners,false,,,false,,other,,
Novac Tech,,1,2024,false,true,Exhibitor,exhibitors,false,,,false,,infra,https://www.novactech.com/,
Novel,,1,2025,false,false,,,true,Exhibitor,Exhibitors,false,,other,http://www.novelpatterns.com,
Novel Patterns,,1,2024,false,true,Exhibitor,exhibitors,false,,,false,,other,www.novelpatterns.com,
Novus Loyalty,,1,2026,false,false,,,false,,,true,Bronze Partner,other,https://www.novus-loyalty.com/,
NSRCEL IIMB,,1,2026,false,false,,,false,,,true,Ecosystem,other,,
Nugget by Zomato,,1,2026,false,false,,,false,,,true,Silver Partner,other,https://www.nugget.com/,
O3 Capital,,1,2024,false,true,Gold Partner,partners,false,,,false,,lending,https://www.o3capital.com/,
Odyssey,,1,2026,false,false,,,false,,,true,Exhibitor,other,https://www.odysseytec.com/,
Oli AI,,1,2026,false,false,,,false,,,true,Exhibitor,ai,https://oliai.in/,
Ongrid,,1,2024,false,true,Exhibitor,exhibitors,false,,,false,,other,https://gridlines.io/,
Orbit Wallet,,1,2024,false,true,Exhibitor,exhibitors,false,,,false,,other,https://www.orbitwallet.in,
Paramotor,,1,2026,false,false,,,false,,,true,Digital Gifting and Rewards Partner,other,https://www.paramotordt.com/,
Parinaamma.AI,,1,2024,false,true,Exhibitor,exhibitors,false,,,false,,ai,,
Partner HUB Zrt,,1,2024,false,true,Exhibitor,exhibitors,false,,,false,,other,www.partnerhub.in,
Paycraft,,1,2024,false,true,Exhibitor,exhibitors,false,,,false,,other,https://paycraftsol.com/,
PayFi,,1,2025,false,false,,,true,Bronze Partners,Partners,false,,other,https://payfi.co.in/,
Payments Bank,,1,2025,false,false,,,true,Gold Partners,Partners,false,,payments,https://www.airtel.in/bank/,
Payomatix,,1,2024,false,true,Exhibitor,exhibitors,false,,,false,,other,https://payomatix.com,
Paypal,,1,2025,false,false,,,true,Future of Global Payments Partner,Partners,false,,other,,
PayPhi/ Phi Commerce,,1,2024,false,true,Exhibitor,exhibitors,false,,,false,,infra,https://payphi.com/,
Paysecure,,1,2025,false,false,,,true,Gold Partners,Partners,false,,other,https://paysecure.net/,
PCI / FCC,,1,2026,false,false,,,false,,,true,Exhibitor,other,,
Pe2Way,,1,2025,false,false,,,true,Transaction Solutions Partner,Partners,false,,other,https://pe2way.com/,
PEAK XV,,1,2024,false,true,Fintech Investor Partner,partners,false,,,false,,other,,
PehchanPe,,1,2026,false,false,,,false,,,true,Exhibitor,other,https://makspay.com/,
Pennant Technologies Private Limited,,1,2024,false,true,Exhibitor,exhibitors,false,,,false,,infra,https://www.pennanttech.com/,
Pension box,,1,2025,false,false,,,true,Exhibitor,Exhibitors,false,,other,http://www.pensionbox.in,
pharnyx,,1,2025,false,false,,,true,Exhibitor,Exhibitors,false,,other,https://www.pharynx.ai/,
Pharynx AI,,1,2024,false,true,Exhibitor,exhibitors,false,,,false,,ai,,
Pismo,,1,2025,false,false,,,true,Banking Transformation Partner,Partners,false,,other,https://www.pismo.io/,
Pismo Labs UK,,1,2024,false,true,Platinum Partner,partners,false,,,false,,other,https://pismo.io/,
Pixelo Digital,,1,2025,false,false,,,true,Exhibitor,Exhibitors,false,,other,,
Pixl,,1,2024,false,true,Exhibitor,exhibitors,false,,,false,,other,https://pixdynamics.com,
PNB,,1,2025,false,false,,,true,Brought To You By,Partners,false,,other,https://www.pnbindia.in/,
Precision Biometric (Infomatic),,1,2024,false,true,Exhibitor,exhibitors,false,,,false,,other,http://www.precisionit.co.in/,
Premier Financial Services,,1,2026,false,false,,,false,,,true,Exhibitor,other,https://www.premierfinservices.com/,
Probe Information Services Private Limited,,1,2024,false,true,Exhibitor,exhibitors,false,,,false,,other,,
protean,,1,2025,false,false,,,true,Exhibitor,Exhibitors,false,,other,https://www.proteantech.in/,
PSB Alliance,,1,2026,false,false,,,false,,,true,Exhibitor,other,https://www.psballiance.com/,
Pure Storage,,1,2024,false,true,Silver Partner,partners,false,,,false,,other,,
QistonPe,,1,2026,false,false,,,false,,,true,Exhibitor,other,https://www.qistonpe.com/,
Quadrant,,1,2025,false,false,,,true,Exhibitor,Exhibitors,false,,other,,
qualtech,,1,2025,false,false,,,true,Exhibitor,Exhibitors,false,,infra,https://qualtechedge.com/,
Qualtech Edge,,1,2026,false,false,,,false,,,true,Exhibitor,infra,https://www.qualtechedge.ai/,
Quantam,,1,2025,false,false,,,true,Exhibitor,Exhibitors,false,,other,https://qde.ai/,
QueueBuster,,1,2024,false,true,Exhibitor,exhibitors,false,,,false,,other,https://queuebuster.co/,
Radiant Acemoney,,1,2024,false,true,Exhibitor,exhibitors,false,,,false,,other,www.acemoney.in,
Rahi Technologies,,1,2026,false,false,,,false,,,true,Bronze Partner,infra,https://www.rahitechnologies.com/,
Raise,,1,2026,false,false,,,false,,,true,Silver Partner,other,https://raiseholding.co/,
RBI,,1,2025,false,false,,,true,Exhibitor,Exhibitors,false,,other,,
Redhat,,1,2026,false,false,,,false,,,true,Gold Partner,other,https://www.redhat.com/en,
Reliance General Insurance,,1,2025,false,false,,,true,Insurance Innovation Partner,Partners,false,,insurtech,https://www.reliancegeneral.co.in/,
"Resurgent India, Scoreme",,1,2024,false,true,Exhibitor,exhibitors,false,,,false,,other,https://scoreme.in/,
Revolut,,1,2025,false,false,,,true,Rewarding Payments Partner,Partners,false,,other,https://www.revolut.com/en-IN/,
Ring,,1,2024,false,true,Silver Partner,partners,false,,,false,,other,,
Ringg.ai,,1,2026,false,false,,,false,,,true,Silver Partner,ai,https://www.ringg.ai/,
Riskcovry,,1,2024,false,true,Exhibitor,exhibitors,false,,,false,,regtech,https://riskcovry.com/,
RS software,,1,2025,false,false,,,true,Silver Partners,Partners,false,,infra,http://www.rssoftware.com,
RSquareSoft Technologies India Private Limited,,1,2025,false,false,,,true,Exhibitor,Exhibitors,false,,infra,https://rsquaresoft.com,
RUGR,,1,2025,false,false,,,true,Last Mile Fintech Partner,Partners,false,,other,https://rugr.com/,
Rupeeredee,,1,2024,false,true,Hydration Partner,partners,false,,,false,,other,https://www.rupeeredee.com/,
Rupicard,,1,2024,false,true,Exhibitor,exhibitors,false,,,false,,other,,
saafe,,1,2025,false,false,,,true,Exhibitor,Exhibitors,false,,other,http://www.saafe.in/,
Sabpaisa,,1,2024,false,true,Exhibitor,exhibitors,false,,,false,,other,https://sabpaisa.in/,
SAFE,,1,2024,false,true,Exhibitor,exhibitors,false,,,false,,other,http://www.safenetin.net/,
Safebox,,1,2026,false,false,,,false,,,true,Exhibitor,other,https://safebox.life/,
Samay Infosolutions Private Limited.,,1,2025,false,false,,,true,Exhibitor,Exhibitors,false,,infra,https://www.samayinfo.net/,
Sarvdhan,,1,2026,false,false,,,false,,,true,Exhibitor,other,https://sarvdhan.com/,
savein,,1,2025,false,false,,,true,Exhibitor,Exhibitors,false,,other,https://www.savein.money/,
ScoreMe,,1,2026,false,false,,,false,,,true,Autonomous Lending Partner,other,https://scoreme.in,
Scylladb,,1,2024,false,true,Exhibitor,exhibitors,false,,,false,,other,,
Secure Blink,,1,2025,false,false,,,true,Exhibitor,Exhibitors,false,,other,,
Selkea,,1,2026,false,false,,,false,,,true,Exhibitor,other,https://www.selkea.ai/,
Settle,,1,2024,false,true,Exhibitor,exhibitors,false,,,false,,other,https://www.settle.club/,
SFA,,1,2025,false,false,,,true,Ecosystem,Ecosystem,false,,other,,
shecancode,,1,2025,false,false,,,true,Ecosystem,Ecosystem,false,,other,https://shecancode.io/,
Shriram Finance,,1,2025,false,false,,,true,Gold Partners,Partners,false,,lending,https://www.shriramfinance.in/,
Simple2Call,,1,2026,false,false,,,false,,,true,Exhibitor,other,www.simple2call.com,
Simplifin AI,,1,2026,false,false,,,false,,,true,Exhibitor,ai,https://www.simplifin.ai/,
SINE IIT Bombay Business Incubator,,1,2026,false,false,,,false,,,true,Ecosystem,other,,
Singapore Fintech Association,,1,2024,false,true,Ecosystem Partner,supporters,false,,,false,,infra,,
Singhtek,,1,2024,false,true,FinTech Enabler,partners,false,,,false,,other,https://www.singhtek.com/,
SISA,,1,2024,false,true,Exhibitor,exhibitors,false,,,false,,other,https://www.sisainfosec.com/,
Skan.ai,,1,2026,false,false,,,false,,,true,Exhibitor,ai,https://www.skan.ai/,
Softech,,1,2025,false,false,,,true,Exhibitor,Exhibitors,false,,infra,https://tmsoftech.in/,
Sphereverity,,1,2025,false,false,,,true,Gold Partners,Partners,false,,other,https://www.sphereverity.ai/,
Sprinto,,1,2025,false,false,,,true,Exhibitor,Exhibitors,false,,other,,
Squadstack,,1,2025,false,false,,,true,Silver Partners,Partners,false,,other,https://www.squadstack.ai/,
Square Insurance,,1,2024,false,true,Exhibitor,exhibitors,false,,,false,,insurtech,https://www.squareinsurance.in/,
Standard Chartered Bank,,1,2024,false,true,Banking Partner,partners,false,,,false,,banking,,
"Startup india, DPIIT",,1,2025,false,false,,,true,Exhibitor,Exhibitors,false,,other,,
Startupbootcamp,,1,2025,false,false,,,true,Ecosystem,Ecosystem,false,,other,http://www.startupbootcamp.org,
Startupholic Catalysts,,1,2024,false,true,Ecosystem Partner,supporters,false,,,false,,other,,
Sugary,,1,2026,false,false,,,false,,,true,Exhibitor,other,,
Sutradhar,,1,2026,false,false,,,false,,,true,Exhibitor,other,https://adgrc.co.in/,
Suvidhaa Pe,,1,2026,false,false,,,false,,,true,Exhibitor,other,https://suvidhaape.com/,
Swisscham Singapore,,1,2025,false,false,,,true,Ecosystem,Ecosystem,false,,other,https://swisscham.sg/,
Synoriq,,1,2024,false,true,Exhibitor,exhibitors,false,,,false,,other,,
Tarrakki,,1,2024,false,true,Exhibitor,exhibitors,false,,,false,,other,https://www.tarrakki.com/,
Tartan,,1,2024,false,true,Exhibitor,exhibitors,false,,,false,,other,https://www.tartanhq.com/,
TartanHQ,,1,2025,false,false,,,true,Exhibitor,Exhibitors,false,,other,https://tartanhq.com/,
Tata Communications,,1,2025,false,false,,,true,Bronze Partners,Partners,false,,infra,,
Tech Rajendra,,1,2026,false,false,,,false,,,true,Exhibitor,infra,https://www.techrajendra.com/,
temenos x Bahwan Cybertek,,1,2024,false,true,Silver Partner,partners,false,,,false,,infra,,
TFA,,1,2025,false,false,,,true,Ecosystem,Ecosystem,false,,other,https://thaifintech.org/,
The Fintech Meetup,,1,2026,false,false,,,false,,,true,Ecosystem,infra,,
The Fintech Yatra,,1,2024,false,true,Ecosystem Partner,supporters,false,,,false,,infra,,
The Fintect Meetup,,1,2025,false,false,,,true,Ecosystem,Ecosystem,false,,other,https://thefintechmeetup.com/,
The Fixed Income - TECHWEALTH,,1,2025,false,false,,,true,Silver Partners,Partners,false,,infra,https://www.thefixedincome.com/,
The Indian Statrup Community,,1,2024,false,true,Ecosystem Partner,supporters,false,,,false,,infra,,
Timble Tech,,1,2026,false,false,,,false,,,true,Exhibitor,infra,https://timble.ai/,
Times Internet,,1,2026,false,false,,,false,,,true,Bronze Partner,other,https://timesinternet.in/,
Tm Softech,,1,2024,false,true,Exhibitor,exhibitors,false,,,false,,infra,,
Tookitaki,,1,2024,false,true,Exhibitor,exhibitors,false,,,false,,other,https://www.tookitaki.com/,
Topwise,,1,2024,false,true,Exhibitor,exhibitors,false,,,false,,other,https://www.topwisesz.com/,
Trackwizz TSS,,1,2024,false,true,Exhibitor,exhibitors,false,,,false,,other,https://www.trackwizz.com/,
trade360.ai,,1,2025,false,false,,,true,Exhibitor,Exhibitors,false,,ai,http://www.trade360.ai/,
TransUnion,,1,2025,false,false,,,true,Credit Insights Partner,Partners,false,,other,https://www.transunioncibil.com/,
Transunion CIBIL,,1,2026,false,false,,,false,,,true,Credit Insights Partner,other,https://www.transunioncibil.com/,
Tripgain,,1,2026,false,false,,,false,,,true,Exhibitor,other,https://tripgain.com/,
Trustt/ Novopay Solutions Pvt. Ltd,,1,2024,false,true,Exhibitor,exhibitors,false,,,false,,infra,https://www.trustt.com/,
TSYS,,1,2025,false,false,,,true,Exhibitor,Exhibitors,false,,other,https://www.tsys.com/,
turt,,1,2025,false,false,,,true,Exhibitor,Exhibitors,false,,other,http://www.turtlefin.com/,
Turtlefin,,1,2026,false,false,,,false,,,true,Exhibitor,other,https://www.turtlefin.com/,
Turtlemint (Turtlefin),,1,2024,false,true,Exhibitor,exhibitors,false,,,false,,other,https://www.turtlefin.com/,
UNDP BTCA,,1,2025,false,false,,,true,Supporter,Supporters,false,,other,https://www.undp.org/,
Unify Technologies,,1,2026,false,false,,,false,,,true,Exhibitor,infra,https://www.unifytech.com/,
Unimoni Financial Services Limited,Unimoni Financial Services,1,2025,false,false,,,true,Exhibitor; Gold Partners,Exhibitors; Partners,false,,other,https://www.unimoni.in/,
Union Bank,,1,2025,false,false,,,true,Gold Partners,Partners,false,,banking,http://www.unionbankofindia.co.in,
Urva,,1,2024,false,true,Exhibitor,exhibitors,false,,,false,,other,https://urva.co/,
UTI Mutual Fund,,1,2025,false,false,,,true,Report Insights Partner,Partners,false,,wealthtech,https://www.utimf.com/,
Vayana Finserv,,1,2026,false,false,,,false,,,true,Silver Partner,other,https://www.vayana.com/,
vcommission,,1,2025,false,false,,,true,Exhibitor,Exhibitors,false,,infra,https://www.vcommission.com/,
Video SDK Live,,1,2024,false,true,Exhibitor,exhibitors,false,,,false,,other,https://www.videosdk.live/,
videosdk,,1,2025,false,false,,,true,Exhibitor,Exhibitors,false,,other,https://www.videosdk.live/,
Vodafone Idea Business,,1,2026,false,false,,,false,,,true,Exhibitor,other,https://www.myvi.in/,
Voice India,,1,2026,false,false,,,false,,,true,Exhibitor,other,https://www.voiceindia.ai/,
Voiceowl,,1,2024,false,true,Exhibitor,exhibitors,false,,,false,,other,https://voiceowl.ai/,
Vrddi,,1,2025,false,false,,,true,Exhibitor,Exhibitors,false,,other,,
WestBridge Capital,,1,2024,false,true,Fintech VC/PE Partner,partners,false,,,false,,lending,https://westbridgecap.com/,
WhatsApp,,1,2026,false,false,,,false,,,true,Diamond Partner,infra,,
WhyMinds Global,,1,2026,false,false,,,false,,,true,Exhibitor,other,https://whyminds.ai,
Wise,,1,2026,false,false,,,false,,,true,Notepad partner,other,https://www.wise.com/,
Wizzmoni FInancial Services,,1,2026,false,false,,,false,,,true,Gold Partner,other,https://www.unimoni.in/,
World Bank Group,,1,2025,false,false,,,true,Supporter,Supporters,false,,banking,https://www.worldbank.org/ext/en/home,
Worxpertise,,1,2024,false,true,Exhibitor,exhibitors,false,,,false,,other,https://worxpertise.com/,
X Biz Techventures,,1,2026,false,false,,,false,,,true,Exhibitor,infra,https://www.xbtventures.com/,
Xbiz Ventures,,1,2024,false,true,Exhibitor,exhibitors,false,,,false,,other,,
XM cyber,,1,2024,false,true,Exhibitor,exhibitors,false,,,false,,infra,,
Xoxoday,,1,2024,false,true,Exhibitor,exhibitors,false,,,false,,other,https://www.xoxoday.com/,
YugabyteDB Inc.,,1,2026,false,false,,,false,,,true,Exhibitor,other,https://www.yugabyte.com/,
Zerodha,,1,2024,false,true,Exhibitor,exhibitors,false,,,false,,other,,
ZEX PR Wire,,1,2024,false,true,Ecosystem Partner,supporters,false,,,false,,other,,
ZionMart,,1,2024,false,true,Exhibitor,exhibitors,false,,,false,,other,https://zioncommerce.in/,
ZOOP.ONE,,1,2024,false,true,Exhibitor,exhibitors,false,,,false,,other,,
Zoven,,1,2026,false,false,,,false,,,true,Exhibitor,other,https://www.zoven.ai/,
